id,total_volume,mean_sales,cv,zero_pct,weekly_autocorr,event_day_count,segment_hv_ni,segment_lv_i,segment_ss_lh
FOODS_1_001_CA_1_validation,1503.0,0.7856769472033456,1.6012371592885442,0.5635128071092524,0.0667375720155454,1913.0,False,False,False
FOODS_1_001_CA_2_validation,2214.0,1.157344485101934,1.5223943401769218,0.4830109775222164,0.08926272539254457,1913.0,False,False,False
FOODS_1_001_CA_3_validation,2302.0,1.2033455305802405,1.9501939331688636,0.5509670674333508,0.06533501543333688,1913.0,False,False,False
FOODS_1_001_CA_4_validation,688.0,0.35964453737584945,2.0214575201147653,0.7417668583376895,0.08265297280070061,1913.0,False,True,False
FOODS_1_001_TX_1_validation,1119.0,0.5849451123889179,2.2603368563816573,0.6738107684265552,0.05425298968986122,1913.0,False,False,False
FOODS_1_001_TX_2_validation,1112.0,0.5812859383167799,1.8907563511125,0.6539466806063774,0.05776038942265575,1913.0,False,False,False
FOODS_1_001_TX_3_validation,785.0,0.4118572927597062,2.003971622794462,0.7187827911857293,0.08054030214254303,1906.0,False,False,False
FOODS_1_001_WI_1_validation,1086.0,0.567694720334553,1.6091160400128655,0.6293779404077365,0.12673676893453298,1913.0,False,False,False
FOODS_1_001_WI_2_validation,875.0,0.4573967590172504,1.9916867576811361,0.6989022477783586,0.1297899508699716,1913.0,False,False,False
FOODS_1_001_WI_3_validation,563.0,0.29430214323052795,2.3917082920314088,0.7992681651855724,0.07451042218313442,1913.0,False,True,False
FOODS_1_002_CA_1_validation,914.0,0.4777835859905907,1.682333414653016,0.6680606377417668,0.10145818155040948,1913.0,False,False,False
FOODS_1_002_CA_2_validation,1154.0,0.6032409827496079,1.6576515728199046,0.6319916361735494,0.09770128575285496,1913.0,False,False,False
FOODS_1_002_CA_3_validation,603.0,0.31521170935703086,2.0558519526455625,0.7621536853110298,0.06555216633888096,1913.0,False,True,False
FOODS_1_002_CA_4_validation,640.0,0.334553058024046,1.90655369819964,0.7365394668060637,-0.021352078033169377,1913.0,False,True,False
FOODS_1_002_TX_1_validation,323.0,0.1694648478488982,3.0178812003914133,0.869884575026233,0.00921523085413552,1906.0,False,True,False
FOODS_1_002_TX_2_validation,455.0,0.23784631468897022,2.2193896496537615,0.8008363826450601,0.05378702068765064,1913.0,False,True,False
FOODS_1_002_TX_3_validation,533.0,0.2786199686356508,2.2093355470770204,0.792472556194459,0.04302544887074176,1913.0,False,True,False
FOODS_1_002_WI_1_validation,1441.0,0.7532671197072661,1.4322701814543002,0.5462624150548876,0.011754348333172486,1913.0,False,False,False
FOODS_1_002_WI_2_validation,632.0,0.3303711447987454,2.0314555738588727,0.7548353371667538,0.0008872843728107779,1913.0,False,True,False
FOODS_1_002_WI_3_validation,639.0,0.3340303188708834,2.1030698246001207,0.7605854678515421,0.042911201325803366,1913.0,False,True,False
FOODS_1_003_CA_1_validation,1592.0,0.8322007318348145,1.3977761591841233,0.5284892838473602,0.020051127959490465,1913.0,False,False,False
FOODS_1_003_CA_2_validation,3140.0,1.6414009409304757,1.1416476321757991,0.35232618923157344,0.10570018921409173,1913.0,True,False,False
FOODS_1_003_CA_3_validation,1977.0,1.0334553058024045,1.2842255266874558,0.4573967590172504,0.06648241568333069,1913.0,False,False,False
FOODS_1_003_CA_4_validation,914.0,0.4777835859905907,2.1219732192619123,0.6842655514898066,0.03505907257111392,1913.0,False,False,False
FOODS_1_003_TX_1_validation,877.0,0.45844223732357553,2.0957388452929733,0.7140616832200731,0.04502085676372054,1913.0,False,False,False
FOODS_1_003_TX_2_validation,805.0,0.42080501829587036,1.7862312260440218,0.694720334553058,0.025579468584907526,1913.0,False,False,False
FOODS_1_003_TX_3_validation,291.0,0.15211709357030842,2.855430086129466,0.8719289074751699,0.01960659807533221,1913.0,False,True,False
FOODS_1_003_WI_1_validation,2409.0,1.2592786199686357,1.3642832857663678,0.41505488761108206,0.09535302915742615,1913.0,False,False,False
FOODS_1_003_WI_2_validation,709.0,0.37062205959226346,2.5696738676388207,0.785154208050183,0.03637854408655665,1913.0,False,True,False
FOODS_1_003_WI_3_validation,680.0,0.35546262415054886,2.1744500173895482,0.7496079456351281,0.11540912514749475,1913.0,False,True,False
FOODS_1_005_CA_1_validation,2224.0,1.1625718766335598,1.733816593818122,0.538421327757449,0.28480373363019684,1913.0,False,False,True
FOODS_1_005_CA_2_validation,5804.0,3.033978044955567,1.350563538766824,0.3936225823314166,0.3030775834626056,1913.0,True,False,True
FOODS_1_005_CA_3_validation,3626.0,1.8954521693674857,1.5718029522098442,0.443282801881861,0.20379949508532338,1913.0,True,False,True
FOODS_1_005_CA_4_validation,902.0,0.47151071615263984,1.8839334183707106,0.687401986408782,0.11462593858657733,1913.0,False,False,False
FOODS_1_005_TX_1_validation,1338.0,0.6994249869315212,2.1023694881696935,0.6659696811291166,0.17711215693682753,1913.0,False,False,False
FOODS_1_005_TX_2_validation,2029.0,1.0606377417668584,1.9936355740247527,0.5441714584422374,0.19718005400856745,1913.0,False,False,True
FOODS_1_005_TX_3_validation,1707.0,0.8923157344485102,1.543690363946496,0.5488761108207004,0.1849310193124801,1913.0,False,False,False
FOODS_1_005_WI_1_validation,1960.0,1.024568740198641,1.4564979987241007,0.5206481965499216,0.3412554611733336,1913.0,False,False,True
FOODS_1_005_WI_2_validation,1694.0,0.8855201254573968,1.6705126484850183,0.5755358076319916,0.3258482269831194,1913.0,False,False,True
FOODS_1_005_WI_3_validation,1630.0,0.861522198731501,1.679654419074823,0.5930232558139535,0.3760259442965791,1892.0,False,False,True
FOODS_1_006_CA_1_validation,2874.0,1.5023523261892315,1.2441715779323839,0.3978044955567172,0.07369257171474713,1913.0,True,False,False
FOODS_1_006_CA_2_validation,2565.0,1.340825927861997,1.3714948103026592,0.4375326711970727,0.06606718204516673,1913.0,True,False,False
FOODS_1_006_CA_3_validation,3072.0,1.6058546785154209,1.378747772976139,0.3920543648719289,0.12419051899312497,1913.0,True,False,False
FOODS_1_006_CA_4_validation,1928.0,1.0078410872974386,1.4212374413982347,0.520125457396759,0.04732764640090854,1913.0,False,False,False
FOODS_1_006_TX_1_validation,999.0,0.5222164140094093,1.9215664066730975,0.6879247255619446,0.05281927500707798,1913.0,False,False,False
FOODS_1_006_TX_2_validation,1317.0,0.6884474647151072,1.7159466238952965,0.6267642446419237,0.03248193141865399,1913.0,False,False,False
FOODS_1_006_TX_3_validation,1741.0,0.9100888656560376,1.9952567779369963,0.5906952430737062,0.05590214386189889,1913.0,False,False,False
FOODS_1_006_WI_1_validation,3246.0,1.6968112911657083,1.1439680641061982,0.330893883951908,0.046595857174847204,1913.0,True,False,False
FOODS_1_006_WI_2_validation,2342.0,1.2242550967067434,1.4101835231222641,0.4547830632514375,0.08038897363080114,1913.0,False,False,False
FOODS_1_006_WI_3_validation,2236.0,1.1688447464715108,1.516886883997847,0.47516989022477785,0.07667129227894544,1913.0,False,False,False
FOODS_1_011_CA_1_validation,1178.0,0.6157867224255097,1.9870386511399778,0.7030841610036592,0.25094194635297196,1913.0,False,False,True
FOODS_1_011_CA_2_validation,3081.0,1.6654054054054055,1.5844057255177646,0.5243243243243243,0.2916793002502317,1850.0,False,False,True
FOODS_1_011_CA_3_validation,1601.0,0.8369053842132775,1.8867201376101712,0.6299006795608991,0.15570989640589447,1913.0,False,False,False
FOODS_1_011_CA_4_validation,617.0,0.32253005750130687,2.5663822125974467,0.8092002090956613,0.22337967148606602,1913.0,False,True,True
FOODS_1_011_TX_1_validation,916.0,0.47882906429691585,2.6615449649385012,0.770517511761631,0.0631205410083138,1913.0,False,False,False
FOODS_1_011_TX_2_validation,625.0,0.3267119707266074,3.5985170944891376,0.8379508625196027,0.05503391538405155,1913.0,False,True,False
FOODS_1_011_TX_3_validation,340.0,0.17904160084254872,3.148487091543023,0.8783570300157978,0.04565984530621794,1899.0,False,True,False
FOODS_1_011_WI_1_validation,852.0,0.46054054054054056,2.195082535334681,0.7529729729729729,0.1478332495079132,1850.0,False,False,False
FOODS_1_011_WI_2_validation,601.0,0.3141662310507057,2.85125181793583,0.8379508625196027,0.03228786784365977,1913.0,False,True,False
FOODS_1_011_WI_3_validation,320.0,0.167276529012023,3.5029100832456805,0.8855201254573968,0.09824085257331645,1913.0,False,True,False
FOODS_1_013_CA_1_validation,2547.0,1.3314166231050706,1.5315191040571465,0.520125457396759,0.12150562611464458,1913.0,False,False,False
FOODS_1_013_CA_2_validation,5012.0,2.6199686356508103,1.3972995020285832,0.35807631991636174,0.08309731650903987,1913.0,True,False,False
FOODS_1_013_CA_3_validation,5213.0,2.725039205436487,1.5465469808946541,0.3983272347098798,0.08825389867240467,1913.0,True,False,False
FOODS_1_013_CA_4_validation,1377.0,0.9095112285336856,1.5754889163094805,0.5449141347424042,0.10856784861215668,1514.0,False,False,False
FOODS_1_013_TX_1_validation,2644.0,1.3871983210912906,2.2978651594055424,0.561909758656873,0.028494071481202386,1906.0,False,False,False
FOODS_1_013_TX_2_validation,1480.0,0.7736539466806064,2.3965741343061957,0.6393099843178254,0.05514424540517453,1913.0,False,False,False
FOODS_1_013_TX_3_validation,1360.0,0.7109252483010977,1.8527385038215591,0.6414009409304757,0.1291236725688551,1913.0,False,False,False
FOODS_1_013_WI_1_validation,2382.0,1.2451646628332462,1.4697908289493973,0.49346576058546787,0.24380856153772906,1913.0,False,False,True
FOODS_1_013_WI_2_validation,1213.0,0.6340825927861997,2.068706073228582,0.6717198118139048,0.10951009570574743,1913.0,False,False,False
FOODS_1_013_WI_3_validation,1248.0,0.6523784631468897,1.7687696749658561,0.6267642446419237,0.05812812730139506,1913.0,False,False,False
FOODS_1_016_CA_1_validation,2381.0,1.2446419236800836,1.29190099536586,0.41714584422373235,0.03433972086551298,1913.0,False,False,False
FOODS_1_016_CA_2_validation,2570.0,1.3434396236278097,1.2945774041213545,0.4255096706743335,0.07623186687334897,1913.0,True,False,False
FOODS_1_016_CA_3_validation,1849.0,0.9665446941975954,1.406959432662296,0.48823836905384216,0.09103179118976412,1913.0,False,False,False
FOODS_1_016_CA_4_validation,1058.0,0.5762527233115469,1.9225802064267252,0.6661220043572985,0.02214864909237483,1836.0,False,False,False
FOODS_1_016_TX_1_validation,582.0,0.30423418714061684,2.268777483940804,0.7809722948248824,0.053391137387299434,1913.0,False,True,False
FOODS_1_016_TX_2_validation,961.0,0.5274423710208562,1.7850031289468575,0.6739846322722283,0.03248664322530777,1822.0,False,False,False
FOODS_1_016_TX_3_validation,915.0,0.47830632514375326,1.9013579896059107,0.7030841610036592,0.059456321527846585,1913.0,False,False,False
FOODS_1_016_WI_1_validation,1455.0,0.7605854678515421,1.7840246069420065,0.6058546785154209,0.06794981882160249,1913.0,False,False,False
FOODS_1_016_WI_2_validation,1187.0,0.6204913748039729,1.7731550660754989,0.6565603763721902,0.1348064254153006,1913.0,False,False,False
FOODS_1_016_WI_3_validation,752.0,0.393099843178254,1.9438419206328799,0.7276529012023001,0.052918551744333873,1913.0,False,False,False
FOODS_1_018_CA_1_validation,18568.0,9.706220595922634,0.6742048737948471,0.02770517511761631,0.32715600520228294,1913.0,True,False,True
FOODS_1_018_CA_2_validation,15110.0,7.898588604286461,0.8939588857141358,0.0872974385781495,0.28840164494860326,1913.0,True,False,True
FOODS_1_018_CA_3_validation,16370.0,8.557239937271301,0.8019277157087016,0.03868269733403032,0.3632349704469716,1913.0,True,False,True
FOODS_1_018_CA_4_validation,10725.0,5.606377417668583,0.796399199867562,0.07213800313643493,0.23077556443779534,1913.0,True,False,True
FOODS_1_018_TX_1_validation,5807.0,3.035546262415055,1.1367333112695204,0.2226868792472556,0.2533320021022539,1913.0,True,False,True
FOODS_1_018_TX_2_validation,15112.0,7.899634082592786,0.811865138735468,0.07422895974908521,0.3983875283177754,1913.0,True,False,True
FOODS_1_018_TX_3_validation,7316.0,3.8243596445373758,1.104963855079693,0.20909566126502874,0.4053350349228324,1913.0,True,False,True
FOODS_1_018_WI_1_validation,13738.0,7.1813904861474125,0.7484703055076442,0.03763721902770518,0.38268557793689156,1913.0,True,False,True
FOODS_1_018_WI_2_validation,16729.0,8.744903293256664,0.743315456789812,0.04704652378463147,0.29707427774923634,1913.0,True,False,True
FOODS_1_018_WI_3_validation,13630.0,7.124934657605855,0.8400130414033626,0.05802404600104548,0.48260034974866484,1913.0,True,False,True
FOODS_1_019_CA_1_validation,7752.0,4.052273915316257,1.2967885743486574,0.47307893361212755,0.4870969232397119,1913.0,False,False,True
FOODS_1_019_CA_2_validation,10735.0,5.611604809200209,1.2995851259050981,0.5107161526398327,0.5096591291382863,1913.0,False,False,True
FOODS_1_019_CA_3_validation,9294.0,4.858337689492943,1.310738813496015,0.46628332462101413,0.46681457332045495,1913.0,False,False,True
FOODS_1_019_CA_4_validation,5116.0,2.6743335075797177,1.2835776432079997,0.4856246732880293,0.4658348520099483,1913.0,False,False,True
FOODS_1_019_TX_1_validation,4450.0,2.3261892315734447,1.6492124141413136,0.5917407213800313,0.3381720743544873,1913.0,False,False,True
FOODS_1_019_TX_2_validation,5975.0,3.1233664401463668,1.3859570314035312,0.5112388917929953,0.47195074110210256,1913.0,False,False,True
FOODS_1_019_TX_3_validation,2792.0,1.4594877156299007,1.8086662046034472,0.6461055933089388,0.3588226964004797,1913.0,False,False,True
FOODS_1_019_WI_1_validation,6764.0,3.535807631991636,0.9883882687533956,0.2775744903293257,0.28959762910238496,1913.0,True,False,True
FOODS_1_019_WI_2_validation,5294.0,2.7673810768426557,1.3091885160981003,0.4537375849451124,0.22912543099691346,1913.0,True,False,True
FOODS_1_019_WI_3_validation,5531.0,2.8912702561421852,1.1345411069197504,0.352848928384736,0.27128261139039717,1913.0,True,False,True
FOODS_1_020_CA_1_validation,2028.0,1.0601150026136958,1.1776535089833902,0.4422373235755358,0.19746953963720573,1913.0,False,False,True
FOODS_1_020_CA_2_validation,1855.0,0.9696811291165708,1.3491175336958694,0.490852064819655,0.21182153734452597,1913.0,False,False,True
FOODS_1_020_CA_3_validation,1510.0,0.7893361212754836,1.3620726811263635,0.520125457396759,0.15449576087457584,1913.0,False,False,False
FOODS_1_020_CA_4_validation,1150.0,0.6011500261369577,1.5229871939581723,0.6074228959749085,0.10244554231079957,1913.0,False,False,False
FOODS_1_020_TX_1_validation,776.0,0.40564558285415575,1.7731910702187368,0.702038682697334,0.093267727855779,1913.0,False,False,False
FOODS_1_020_TX_2_validation,1444.0,0.7548353371667538,1.4243007926709468,0.5525352848928384,0.14016851255843849,1913.0,False,False,False
FOODS_1_020_TX_3_validation,1195.0,0.6246732880292734,1.5697726539556667,0.6011500261369577,0.1869278615861615,1913.0,False,False,False
FOODS_1_020_WI_1_validation,3438.0,1.797177208572922,1.0740040431799907,0.3439623627809723,0.3009103426856395,1913.0,True,False,True
FOODS_1_020_WI_2_validation,2188.0,1.1437532671197073,1.1523614862197702,0.42028227914270777,0.17067937919873533,1913.0,False,False,False
FOODS_1_020_WI_3_validation,1296.0,0.6774699424986932,1.6399172335786503,0.6189231573444851,0.26823564409258754,1913.0,False,False,True
FOODS_1_024_CA_1_validation,2266.0,1.1845269210663878,1.2401335854100295,0.41244119184526923,0.17228615026181396,1913.0,False,False,False
FOODS_1_024_CA_2_validation,4086.0,2.135912179822269,1.0172700870179348,0.24098274960794563,0.14549303746794306,1913.0,True,False,False
FOODS_1_024_CA_3_validation,3576.0,1.869315211709357,1.1519163424730856,0.30632514375326714,0.09628107593326085,1913.0,True,False,False
FOODS_1_024_CA_4_validation,1418.0,0.7412441191845269,1.3842279170032938,0.5258755880815473,0.03892555684552824,1913.0,False,False,False
FOODS_1_024_TX_1_validation,1223.0,0.6393099843178254,1.71300380792339,0.6225823314166231,0.05784423894951889,1913.0,False,False,False
FOODS_1_024_TX_2_validation,1350.0,0.705697856769472,1.555296717892484,0.5802404600104548,0.05414829581493404,1913.0,False,False,False
FOODS_1_024_TX_3_validation,966.0,0.5049660219550445,1.83865067888329,0.6649242028227914,0.13539064292874073,1913.0,False,False,False
FOODS_1_024_WI_1_validation,3262.0,1.7051751176163095,1.1150134308124986,0.31521170935703086,0.20732842000938403,1913.0,True,False,True
FOODS_1_024_WI_2_validation,1318.0,0.6889702038682697,1.4725201327632989,0.5629900679560899,0.12344600650626539,1913.0,False,False,False
FOODS_1_024_WI_3_validation,1729.0,0.9038159958180868,1.3725231137328222,0.5033978044955567,0.18512103120025225,1913.0,False,False,False
FOODS_1_032_CA_1_validation,14751.0,7.7109252483010975,1.1347676904976352,0.25771040250914795,0.5263011144672773,1913.0,True,False,True
FOODS_1_032_CA_2_validation,6670.0,3.4866701515943546,1.4898275316722822,0.40982749607945634,0.45300751074396833,1913.0,True,False,True
FOODS_1_032_CA_3_validation,12895.0,6.740721380031364,1.1610356456238105,0.25248301097752224,0.47342435528163057,1913.0,True,False,True
FOODS_1_032_CA_4_validation,11999.0,6.2723470987977,1.065622757057019,0.2639832723470988,0.5622275154838453,1913.0,True,False,True
FOODS_1_032_TX_1_validation,6809.0,3.559330893883952,1.6298723227560667,0.4626241505488761,0.5229191835562553,1913.0,True,False,True
FOODS_1_032_TX_2_validation,15318.0,8.007318348144276,1.3213267913787285,0.2655514898065865,0.5880475570046612,1913.0,True,False,True
FOODS_1_032_TX_3_validation,12754.0,6.667015159435442,1.3019690869473899,0.34866701515943543,0.570195657146777,1913.0,True,False,True
FOODS_1_032_WI_1_validation,14081.0,7.360690015682175,1.0523201024802276,0.2415054887611082,0.5146919981354814,1913.0,True,False,True
FOODS_1_032_WI_2_validation,15207.0,7.9492943021432305,1.138852905912388,0.2817564035546262,0.4401474778748531,1913.0,True,False,True
FOODS_1_032_WI_3_validation,15394.0,8.047046523784632,1.095592532381462,0.2692106638787245,0.5856728787311516,1913.0,True,False,True
FOODS_1_035_CA_1_validation,1375.0,0.7187663355985363,2.225576141090469,0.6717198118139048,0.1780224347793079,1913.0,False,False,False
FOODS_1_035_CA_2_validation,1701.0,0.9159935379644588,2.2263639984246177,0.7253634894991923,0.30276594457433864,1857.0,False,False,True
FOODS_1_035_CA_3_validation,2470.0,1.2911657083115526,1.7987168637084976,0.5650810245687402,0.19042733975712134,1913.0,False,False,True
FOODS_1_035_CA_4_validation,331.0,0.1730266596968113,3.59969264427887,0.8834291688447464,0.14480483277430517,1913.0,False,True,False
FOODS_1_035_TX_1_validation,943.0,0.4947534102833158,3.1286560633131018,0.7985309548793285,0.1259821345445537,1906.0,False,False,False
FOODS_1_035_TX_2_validation,594.0,0.3105070569785677,3.4448034669969907,0.8369053842132775,0.06029109119943058,1913.0,False,True,False
FOODS_1_035_TX_3_validation,368.0,0.1989189189189189,3.009857922746879,0.8691891891891892,0.16454985425225999,1850.0,False,True,False
FOODS_1_035_WI_1_validation,444.0,0.24,3.162895195112147,0.867027027027027,0.20049265145415848,1850.0,False,True,True
FOODS_1_035_WI_2_validation,370.0,0.1934134866701516,3.606723009411617,0.8870883429168844,0.0915961245794757,1913.0,False,True,False
FOODS_1_035_WI_3_validation,314.0,0.1684549356223176,3.5840853608238836,0.8782188841201717,0.04815488517848246,1864.0,False,True,False
FOODS_1_036_CA_1_validation,3750.0,1.9602718243596446,1.1365676811503242,0.37428123366440147,0.2620954587188886,1913.0,True,False,True
FOODS_1_036_CA_2_validation,3029.0,1.6372972972972972,1.3232884372715745,0.4454054054054054,0.2141234575967381,1850.0,True,False,True
FOODS_1_036_CA_3_validation,4526.0,2.3659174072138005,1.1233563978626124,0.35807631991636174,0.27592005231307704,1913.0,True,False,True
FOODS_1_036_CA_4_validation,1997.0,1.043910088865656,1.2217853346945586,0.4401463669628855,0.06926435296003308,1913.0,False,False,False
FOODS_1_036_TX_1_validation,2199.0,1.1495033978044955,1.4251384143675414,0.5253528489283847,0.20039717818960048,1913.0,False,False,True
FOODS_1_036_TX_2_validation,2285.0,1.1944589649764767,1.4686173426383564,0.5190799790904339,0.2707185303021144,1913.0,False,False,True
FOODS_1_036_TX_3_validation,1705.0,0.891270256142185,1.5695053391897327,0.5859905906952431,0.11521451433700122,1913.0,False,False,False
FOODS_1_036_WI_1_validation,2021.0,1.0564558285415577,1.3206484450216973,0.4573967590172504,0.13509015375624348,1913.0,False,False,False
FOODS_1_036_WI_2_validation,2116.0,1.106116048092002,1.705626974781206,0.6058546785154209,0.2289496529440102,1913.0,False,False,True
FOODS_1_036_WI_3_validation,1604.0,0.8446550816219063,1.7534150863074407,0.6392838335966298,0.24029975586331648,1899.0,False,False,True
FOODS_1_040_CA_1_validation,4242.0,2.21745948771563,1.0788950840723601,0.30162049137480396,0.25267153296051953,1913.0,True,False,True
FOODS_1_040_CA_2_validation,3237.0,1.6921066387872452,1.2004863261801695,0.3910088865656038,0.29446415516626645,1913.0,True,False,True
FOODS_1_040_CA_3_validation,4109.0,2.1479351803450077,1.046090022788517,0.31259801359121797,0.2702595513215937,1913.0,True,False,True
FOODS_1_040_CA_4_validation,1933.0,1.0104547830632515,1.273042957184091,0.48039728175640356,0.08797212159669411,1913.0,False,False,False
FOODS_1_040_TX_1_validation,2075.0,1.0846837428123366,1.3004367452806918,0.48405645582854157,0.1409897559991079,1913.0,False,False,False
FOODS_1_040_TX_2_validation,2479.0,1.2958703606900157,1.3396809348171776,0.4411918452692107,0.22797577061903643,1913.0,True,False,True
FOODS_1_040_TX_3_validation,1499.0,0.7835859905906952,1.5922651022233412,0.5959226346053319,0.16705654633289582,1913.0,False,False,False
FOODS_1_040_WI_1_validation,2473.0,1.2927339257710402,1.2076555549467227,0.40825927861996864,0.25963280894604235,1913.0,True,False,True
FOODS_1_040_WI_2_validation,2524.0,1.3193936225823315,1.3184549019464173,0.4547830632514375,0.24429837125826664,1913.0,True,False,True
FOODS_1_040_WI_3_validation,1495.0,0.7872564507635598,1.7484315145429823,0.6398104265402843,0.20712313070137628,1899.0,False,False,True
FOODS_1_041_CA_1_validation,1795.0,0.9383167799268165,1.4478222866590056,0.556717198118139,0.2721218480683814,1913.0,False,False,True
FOODS_1_041_CA_2_validation,2716.0,1.4197595399895453,1.3467214260413547,0.487192890747517,0.3981761088790715,1913.0,False,False,True
FOODS_1_041_CA_3_validation,2329.0,1.21745948771563,1.3110961246134107,0.47621536853110297,0.23424980686293964,1913.0,False,False,True
FOODS_1_041_CA_4_validation,1063.0,0.555671719811814,1.6474510469688322,0.6497647673810768,0.20389602229468876,1913.0,False,False,True
FOODS_1_041_TX_1_validation,952.0,0.4976476738107684,1.9203746787918137,0.7036069001568217,0.19604329069041568,1913.0,False,False,True
FOODS_1_041_TX_2_validation,902.0,0.47151071615263984,1.852452510126412,0.6936748562467329,0.16776515029963698,1913.0,False,False,False
FOODS_1_041_TX_3_validation,505.0,0.2639832723470988,2.916933367441588,0.8227914270778881,0.0845112043650242,1913.0,False,True,False
FOODS_1_041_WI_1_validation,1765.0,0.9226346053319394,1.6080241167141125,0.5729221118661788,0.2245572764492451,1913.0,False,False,True
FOODS_1_041_WI_2_validation,1501.0,0.7846314688970204,1.5393432401264968,0.5859905906952431,0.1900667552225846,1913.0,False,False,False
FOODS_1_041_WI_3_validation,1142.0,0.5969681129116571,1.9277880182135276,0.694720334553058,0.2228090453502934,1913.0,False,False,True
FOODS_1_044_CA_1_validation,3865.0,2.0203868269733403,1.5119791043257862,0.49346576058546787,0.523794864199245,1913.0,False,False,True
FOODS_1_044_CA_2_validation,2720.0,1.4218504966021954,1.5417927776567628,0.5410350235232619,0.4621247169812896,1913.0,False,False,True
FOODS_1_044_CA_3_validation,3307.0,1.7286983795086253,1.4776715055643084,0.47673810768426556,0.4430359744808125,1913.0,False,False,True
FOODS_1_044_CA_4_validation,1561.0,0.8159958180867747,1.7697168905083904,0.6210141139571353,0.3626989884082985,1913.0,False,False,True
FOODS_1_044_TX_1_validation,1806.0,0.9440669106116049,1.8912140043503347,0.6204913748039729,0.41153793179468884,1913.0,False,False,True
FOODS_1_044_TX_2_validation,2277.0,1.1902770517511763,1.8982322555881912,0.6032409827496079,0.5139984360290399,1913.0,False,False,True
FOODS_1_044_TX_3_validation,1891.0,0.9884997386304234,1.9397660079376322,0.6251960271824359,0.45070674674634637,1913.0,False,False,True
FOODS_1_044_WI_1_validation,4500.0,2.3523261892315737,1.3929562004020233,0.3470987976999477,0.4194026754299134,1913.0,True,False,True
FOODS_1_044_WI_2_validation,3280.0,1.7145844223732358,1.3229827796071096,0.4218504966021955,0.325656359100259,1913.0,True,False,True
FOODS_1_044_WI_3_validation,3016.0,1.5765812859383168,1.5132637154425599,0.42707788813382125,0.29224972887719075,1913.0,True,False,True
FOODS_1_045_CA_1_validation,5097.0,2.6644014636696287,1.0226987743753193,0.2922111866178777,0.2558309573702038,1913.0,True,False,True
FOODS_1_045_CA_2_validation,2941.0,1.5373758494511238,1.3299845623058144,0.47569262937794043,0.163121258770353,1913.0,False,False,False
FOODS_1_045_CA_3_validation,4968.0,2.5969681129116573,0.9549068594573904,0.2707788813382122,0.2713681862538601,1913.0,True,False,True
FOODS_1_045_CA_4_validation,2595.0,1.356508102456874,1.1318028120274324,0.3883951907997909,0.1664592737478058,1913.0,True,False,False
FOODS_1_045_TX_1_validation,1865.0,0.9749085206481966,1.5380327677950978,0.5755358076319916,0.17805619332960723,1913.0,False,False,False
FOODS_1_045_TX_2_validation,2663.0,1.392054364871929,1.2852100825907191,0.4448510193413487,0.18833394615295712,1913.0,True,False,False
FOODS_1_045_TX_3_validation,1961.0,1.0250914793518036,1.3335138122453,0.5013068478829065,0.15288259692245776,1913.0,False,False,False
FOODS_1_045_WI_1_validation,2143.0,1.1540118470651588,1.3084922198831852,0.464728056004308,0.21530268780779765,1857.0,False,False,True
FOODS_1_045_WI_2_validation,2668.0,1.3946680606377417,1.398051920457306,0.46889702038682696,0.2729236995439695,1913.0,False,False,True
FOODS_1_045_WI_3_validation,1452.0,0.7590172503920544,1.66506928667604,0.6278097229482488,0.1450323810668063,1913.0,False,False,False
FOODS_1_046_CA_1_validation,13640.0,7.13016204913748,0.8092927090336022,0.06847882906429692,0.3140957711501168,1913.0,True,False,True
FOODS_1_046_CA_2_validation,10426.0,5.450078410872974,1.0516203907882056,0.14793518034500783,0.3708889311379065,1913.0,True,False,True
FOODS_1_046_CA_3_validation,12452.0,6.509147935180345,0.916717654205104,0.07370622059592263,0.4253102460095565,1913.0,True,False,True
FOODS_1_046_CA_4_validation,10481.0,5.4788290642969155,0.9051021063048398,0.11761630946157867,0.44318517656328116,1913.0,True,False,True
FOODS_1_046_TX_1_validation,5943.0,3.106638787245165,1.0979780559031358,0.19602718243596445,0.26747085891867717,1913.0,True,False,True
FOODS_1_046_TX_2_validation,23113.0,12.082070047046523,0.8865948702905017,0.029796131730266597,0.5398863714500266,1913.0,True,False,True
FOODS_1_046_TX_3_validation,9965.0,5.209095661265029,1.0335985917424857,0.12754835337166753,0.3727660496702656,1913.0,True,False,True
FOODS_1_046_WI_1_validation,14681.0,7.674333507579718,0.9286022260827067,0.0465237846314689,0.2317435012169965,1913.0,True,False,True
FOODS_1_046_WI_2_validation,15843.0,8.281756403554626,0.8689643028451657,0.07370622059592263,0.39203666662492914,1913.0,True,False,True
FOODS_1_046_WI_3_validation,9706.0,5.0737062205959225,1.1596202733925545,0.1651855723993727,0.564393098712836,1913.0,True,False,True
FOODS_1_047_CA_1_validation,1936.0,1.012023000522739,1.4378869122660014,0.5060115002613695,0.1205868015253857,1913.0,False,False,False
FOODS_1_047_CA_2_validation,4993.0,2.6100365917407213,1.191619640628745,0.35859905906952433,0.3063139118173025,1913.0,True,False,True
FOODS_1_047_CA_3_validation,3658.0,1.9121798222686879,1.3106453748758518,0.36330371144798745,0.10525402408650553,1913.0,True,False,False
FOODS_1_047_CA_4_validation,1346.0,0.7303309820944113,1.4320897600786497,0.555615843733044,0.05778162692828772,1843.0,False,False,False
FOODS_1_047_TX_1_validation,1835.0,0.9592263460533194,1.7874536252162865,0.5959226346053319,0.1626982798852374,1913.0,False,False,False
FOODS_1_047_TX_2_validation,1445.0,0.7553580763199164,1.8124137264063958,0.5953998954521693,0.19031844418032987,1913.0,False,False,True
FOODS_1_047_TX_3_validation,1027.0,0.5368531102979613,1.814168177851341,0.6863565081024569,0.13103510008148275,1913.0,False,False,False
FOODS_1_047_WI_1_validation,1769.0,0.9247255619445897,1.364734861894125,0.5180345007841087,0.21851781964366518,1913.0,False,False,True
FOODS_1_047_WI_2_validation,836.0,0.4370099320439101,1.9303653310495428,0.7062205959226346,0.09464326773799427,1913.0,False,False,False
FOODS_1_047_WI_3_validation,833.0,0.4354417145844224,1.9653188082279123,0.7098797699947726,0.10764264642104047,1913.0,False,False,False
FOODS_1_049_CA_1_validation,1885.0,0.985363303711448,1.765971061900892,0.5818086774699425,0.07999124510218424,1913.0,False,False,False
FOODS_1_049_CA_2_validation,2718.0,1.4208050182958705,1.4436582803440319,0.47882906429691585,0.23319719252834967,1913.0,False,False,True
FOODS_1_049_CA_3_validation,1879.0,0.9822268687924726,1.6400088041699636,0.5755358076319916,0.08914564129259994,1913.0,False,False,False
FOODS_1_049_CA_4_validation,475.0,0.24830109775222164,2.400106564701464,0.8149503397804495,0.11897428066343373,1913.0,False,True,False
FOODS_1_049_TX_1_validation,866.0,0.45269210663878723,2.615278778345636,0.755880815473079,0.10916083296058524,1913.0,False,False,False
FOODS_1_049_TX_2_validation,696.0,0.36382645060115004,2.327261353503069,0.763199163617355,0.0755956881542927,1913.0,False,True,False
FOODS_1_049_TX_3_validation,601.0,0.3141662310507057,2.3409702858894663,0.7950862519602718,0.07794929782082126,1913.0,False,True,False
FOODS_1_049_WI_1_validation,1131.0,0.593389296956978,1.8548940287954059,0.667890870933893,0.09037494360192407,1906.0,False,False,False
FOODS_1_049_WI_2_validation,792.0,0.41400940930475694,2.2883250542016977,0.759539989545217,0.07186608932153138,1913.0,False,False,False
FOODS_1_049_WI_3_validation,662.0,0.3460533193936226,2.267175614751003,0.7736539466806064,0.19995568276740774,1913.0,False,True,True
FOODS_1_053_CA_1_validation,732.0,0.3826450601150026,2.14653813646794,0.7480397281756404,0.09522556968311781,1913.0,False,False,False
FOODS_1_053_CA_2_validation,1316.0,0.6879247255619446,1.4278314985110934,0.5661265028750654,0.08460026300838187,1913.0,False,False,False
FOODS_1_053_CA_3_validation,636.0,0.36156907333712335,2.123185716051387,0.7441728254690165,0.05632336794267162,1759.0,False,True,False
FOODS_1_053_CA_4_validation,1560.0,0.8154730789336121,1.3331756939499613,0.5316257187663356,0.1280267463502927,1913.0,False,False,False
FOODS_1_053_TX_1_validation,343.0,0.17929952953476216,2.946077886660142,0.8625196027182436,0.024070846885927484,1913.0,False,True,False
FOODS_1_053_TX_2_validation,463.0,0.24202822791427078,2.6065466835735203,0.8259278619968635,0.03069119765761546,1913.0,False,True,False
FOODS_1_053_TX_3_validation,457.0,0.23889179299529534,2.5755622479733637,0.8269733403031887,0.020986642640833133,1913.0,False,True,False
FOODS_1_053_WI_1_validation,892.0,0.46628332462101413,1.8560475359875377,0.6989022477783586,0.0626429085764187,1913.0,False,False,False
FOODS_1_053_WI_2_validation,647.0,0.338212232096184,1.96696790251709,0.7417668583376895,0.09112193403173002,1913.0,False,True,False
FOODS_1_053_WI_3_validation,303.0,0.16134185303514376,3.2751670984199146,0.8775292864749734,0.04789074285698002,1878.0,False,True,False
FOODS_1_054_CA_1_validation,3458.0,1.8076319916361736,1.016170490138874,0.2713016204913748,0.14176523413236547,1913.0,True,False,False
FOODS_1_054_CA_2_validation,4109.0,2.1479351803450077,1.1292612778003035,0.3340303188708834,0.2454397181896977,1913.0,True,False,True
FOODS_1_054_CA_3_validation,3092.0,1.6163094615786722,1.2736133635643327,0.35598536330371144,0.1101845943701768,1913.0,True,False,False
FOODS_1_054_CA_4_validation,1281.0,0.6977124183006536,1.829301150057729,0.6377995642701525,0.07888806263559982,1836.0,False,False,False
FOODS_1_054_TX_1_validation,1432.0,0.7485624673288029,1.7070589919324568,0.5974908520648197,0.04036602437264119,1913.0,False,False,False
FOODS_1_054_TX_2_validation,2023.0,1.057501306847883,1.4803391259675185,0.4814427600627287,0.051109585797750615,1913.0,False,False,False
FOODS_1_054_TX_3_validation,1226.0,0.6408782017773131,1.6654735477169265,0.6246732880292734,0.09114099051915106,1913.0,False,False,False
FOODS_1_054_WI_1_validation,2652.0,1.4016913319238902,1.2544628220859353,0.4143763213530655,0.10432977859344561,1892.0,True,False,False
FOODS_1_054_WI_2_validation,1824.0,0.9534762153685311,1.5015024053147457,0.5253528489283847,-0.0020724112759415336,1913.0,False,False,False
FOODS_1_054_WI_3_validation,1584.0,0.8280188186095139,1.5413608097189098,0.5791949817041296,0.12944031605525386,1913.0,False,False,False
FOODS_1_055_CA_1_validation,5343.0,2.7929952953476214,1.6561540476552805,0.3413486670151594,0.30456031845313297,1913.0,True,False,True
FOODS_1_055_CA_2_validation,11899.0,6.220073183481443,1.3077982517612716,0.3371667537898589,0.4528618742720428,1913.0,True,False,True
FOODS_1_055_CA_3_validation,11977.0,6.260846837428123,1.3353222057491785,0.29064296915838994,0.35247132585809837,1913.0,True,False,True
FOODS_1_055_CA_4_validation,2365.0,1.2362780972294825,1.8632461680268273,0.5295347621536853,0.2520135574597883,1913.0,False,False,True
FOODS_1_055_TX_1_validation,4560.0,2.3836905384213276,1.625248125155764,0.4495556717198118,0.25272104696425457,1913.0,True,False,True
FOODS_1_055_TX_2_validation,5550.0,2.9012023000522738,1.4764198002253295,0.3214845791949817,0.24553774524294214,1913.0,True,False,True
FOODS_1_055_TX_3_validation,5006.0,2.6168322007318348,1.5964163508610705,0.41975953998954524,0.40359803335503136,1913.0,True,False,True
FOODS_1_055_WI_1_validation,2120.0,1.1082070047046524,2.107405911944004,0.5771040250914794,0.25219206372554925,1913.0,False,False,True
FOODS_1_055_WI_2_validation,1397.0,0.7383720930232558,2.0853899055950795,0.6490486257928119,0.13400382339343037,1892.0,False,False,False
FOODS_1_055_WI_3_validation,6776.0,3.542080501829587,2.1394224523324867,0.4438055410350235,0.27899601214435127,1913.0,True,False,True
FOODS_1_062_CA_1_validation,1105.0,0.5776267642446419,1.728830776692182,0.6476738107684266,0.09589282096582917,1913.0,False,False,False
FOODS_1_062_CA_2_validation,1127.0,0.5891270256142185,1.674659737116514,0.6377417668583377,0.034453796116998434,1913.0,False,False,False
FOODS_1_062_CA_3_validation,1369.0,0.7156299006795609,1.476717083474413,0.5525352848928384,0.03423155842654445,1913.0,False,False,False
FOODS_1_062_CA_4_validation,806.0,0.42132775744903295,1.910153106562414,0.7119707266074229,0.07015951386680766,1913.0,False,False,False
FOODS_1_062_TX_1_validation,788.0,0.41191845269210664,2.025818029308861,0.7255619445896497,0.05171492492824943,1913.0,False,False,False
FOODS_1_062_TX_2_validation,941.0,0.49189754312598016,1.8504444234524802,0.6743335075797178,0.037215754661061445,1913.0,False,False,False
FOODS_1_062_TX_3_validation,659.0,0.34448510193413484,2.1736010114129134,0.770517511761631,0.0954404282793566,1913.0,False,True,False
FOODS_1_062_WI_1_validation,1559.0,0.8149503397804495,1.4877025932875687,0.538421327757449,0.13050698528387644,1913.0,False,False,False
FOODS_1_062_WI_2_validation,1197.0,0.6257187663355985,2.4745707404330304,0.6952430737062206,0.10605041485977416,1913.0,False,False,False
FOODS_1_062_WI_3_validation,1095.0,0.5723993727130162,1.8918917270699298,0.6905384213277574,0.20089408155558322,1913.0,False,False,True
FOODS_1_063_CA_1_validation,1662.0,0.8687924725561944,1.321435721356529,0.5007841087297439,0.15020774563048936,1913.0,False,False,False
FOODS_1_063_CA_2_validation,1959.0,1.0240460010454784,1.4788227869677506,0.5065342394145321,0.15447673701431244,1913.0,False,False,False
FOODS_1_063_CA_3_validation,1941.0,1.014636696288552,1.3390834157770062,0.48823836905384216,0.1950139030001588,1913.0,False,False,True
FOODS_1_063_CA_4_validation,1669.0,0.8724516466283324,1.5041893967870656,0.5488761108207004,0.048072727155257726,1913.0,False,False,False
FOODS_1_063_TX_1_validation,1074.0,0.5614218504966022,1.5634103147336813,0.6121275483533717,0.008586070213146172,1913.0,False,False,False
FOODS_1_063_TX_2_validation,1358.0,0.7098797699947726,1.7721664792670764,0.5818086774699425,0.018620082281576494,1913.0,False,False,False
FOODS_1_063_TX_3_validation,1088.0,0.5687401986408782,1.740345366976854,0.6293779404077365,0.04019766290737844,1913.0,False,False,False
FOODS_1_063_WI_1_validation,4089.0,2.1374803972817564,0.8853175822613962,0.1970726607422896,0.09831375161268546,1913.0,True,False,False
FOODS_1_063_WI_2_validation,1897.0,0.9916361735493988,1.2881655434320312,0.4683742812336644,0.1150256890717386,1913.0,False,False,False
FOODS_1_063_WI_3_validation,1802.0,0.9419759539989545,1.2686506554493677,0.46732880292733925,0.10887580897539603,1913.0,False,False,False
FOODS_1_064_CA_1_validation,2906.0,1.519079979090434,1.0552935026263848,0.31887088342916886,0.1659381079592946,1913.0,True,False,False
FOODS_1_064_CA_2_validation,1475.0,0.7710402509147936,1.6460169925377413,0.5849451123889179,0.15443196605786882,1913.0,False,False,False
FOODS_1_064_CA_3_validation,1163.0,0.6079456351280711,1.5564601996086294,0.6042864610559331,0.03208872069992986,1913.0,False,False,False
FOODS_1_064_CA_4_validation,1420.0,0.7422895974908521,1.3443436840205902,0.5284892838473602,0.033420017761378346,1913.0,False,False,False
FOODS_1_064_TX_1_validation,350.0,0.18363064008394545,2.721368171812119,0.8541448058761805,-0.013580777243192245,1906.0,False,True,False
FOODS_1_064_TX_2_validation,524.0,0.2739153162571877,2.3444008935381477,0.7867224255096706,0.012405000314660557,1913.0,False,True,False
FOODS_1_064_TX_3_validation,433.0,0.22634605331939361,2.8091224720453964,0.843700993204391,0.21205324127746789,1913.0,False,True,True
FOODS_1_064_WI_1_validation,2013.0,1.0522739153162572,1.2640482560929018,0.4427600627286984,0.0827181546835189,1913.0,False,False,False
FOODS_1_064_WI_2_validation,516.0,0.2697334030318871,2.3014487561542967,0.7987454260324098,0.016319608554554194,1913.0,False,True,False
FOODS_1_064_WI_3_validation,629.0,0.3288029273392577,2.047034669789301,0.7537898588604286,0.07727080499840693,1913.0,False,True,False
FOODS_1_065_CA_1_validation,1250.0,0.6534239414532148,1.7129067641276163,0.6340825927861997,0.10708024833893122,1913.0,False,False,False
FOODS_1_065_CA_2_validation,2436.0,1.273392577104025,1.6820675856298115,0.560376372190277,0.3313799544439302,1913.0,False,False,True
FOODS_1_065_CA_3_validation,2450.0,1.280710925248301,1.580130602289768,0.4960794563512807,0.12394792759207204,1913.0,False,False,False
FOODS_1_065_CA_4_validation,879.0,0.4594877156299007,1.761881926166446,0.6853110297961317,0.07343863371158166,1913.0,False,False,False
FOODS_1_065_TX_1_validation,652.0,0.3408259278619969,2.6602320167634432,0.7882906429691584,0.03398398802012476,1913.0,False,True,False
FOODS_1_065_TX_2_validation,760.0,0.3987408184679958,2.372567223173524,0.7376705141657922,0.05072067889642783,1906.0,False,False,False
FOODS_1_065_TX_3_validation,601.0,0.3141662310507057,2.33643872571452,0.7820177731312076,0.09413994028727901,1913.0,False,True,False
FOODS_1_065_WI_1_validation,1404.0,0.7339257710402509,1.4051843074348933,0.5551489806586514,0.13596556578790817,1913.0,False,False,False
FOODS_1_065_WI_2_validation,537.0,0.2807109252483011,2.225570254174495,0.7898588604286461,0.13588082901554402,1913.0,False,True,False
FOODS_1_065_WI_3_validation,603.0,0.31521170935703086,2.244363489582092,0.7710402509147936,0.06371951195248518,1913.0,False,True,False
FOODS_1_066_CA_1_validation,2533.0,1.3240982749607946,1.4090025969191071,0.4448510193413487,0.042791355666681935,1913.0,True,False,False
FOODS_1_066_CA_2_validation,2597.0,1.357553580763199,1.3063523394880214,0.42289597490852066,0.04486613545859481,1913.0,True,False,False
FOODS_1_066_CA_3_validation,1969.0,1.029273392577104,1.4665174168285842,0.47621536853110297,0.005634179233079172,1913.0,False,False,False
FOODS_1_066_CA_4_validation,1526.0,0.7976999477260847,1.6515857859619356,0.6037637219027705,-0.021163050354802298,1913.0,False,False,False
FOODS_1_066_TX_1_validation,561.0,0.2932566649242028,2.1842378882688602,0.7841087297438578,0.031652863940609934,1913.0,False,True,False
FOODS_1_066_TX_2_validation,879.0,0.4628751974723539,2.0156283093287417,0.693522906793049,0.01875076758296842,1899.0,False,False,False
FOODS_1_066_TX_3_validation,982.0,0.5133298484056456,1.9192785277349136,0.6774699424986932,0.03198195621575346,1913.0,False,False,False
FOODS_1_066_WI_1_validation,2568.0,1.3423941453214845,1.4262502331269324,0.46889702038682696,0.06346458553249361,1913.0,False,False,False
FOODS_1_066_WI_2_validation,1797.0,0.9393622582331417,2.2617919415137484,0.6492420282279143,0.053267707974885656,1913.0,False,False,False
FOODS_1_066_WI_3_validation,1348.0,0.7046523784631469,1.8445525818846595,0.6330371144798745,0.023414659041697924,1913.0,False,False,False
FOODS_1_067_CA_1_validation,5249.0,2.74385781495034,1.29139407474951,0.3721902770517512,0.20941237282819836,1913.0,True,False,True
FOODS_1_067_CA_2_validation,10640.0,5.561944589649765,1.041999772658122,0.23836905384213278,0.28307152859983564,1913.0,True,False,True
FOODS_1_067_CA_3_validation,12226.0,6.391008886565603,1.1006040669558672,0.2216414009409305,0.1485627726446022,1913.0,True,False,False
FOODS_1_067_CA_4_validation,3361.0,1.7569262937794041,1.096499457622478,0.3376894929430214,0.10810602164096018,1913.0,True,False,False
FOODS_1_067_TX_1_validation,3575.0,1.8687924725561944,1.9161878975444113,0.45426032409827494,0.09774116302407466,1913.0,True,False,False
FOODS_1_067_TX_2_validation,3468.0,1.8128593831677993,1.2396901063814176,0.35859905906952433,0.11561421030052411,1913.0,True,False,False
FOODS_1_067_TX_3_validation,2813.0,1.4704652378463148,1.5308455903495082,0.4537375849451124,0.15920891585879932,1913.0,True,False,False
FOODS_1_067_WI_1_validation,5643.0,2.949817041296393,1.0620314342599857,0.26868792472556197,0.18768517914461783,1913.0,True,False,False
FOODS_1_067_WI_2_validation,2864.0,1.4971249346576059,1.3162059318641253,0.4014636696288552,0.15511268330432848,1913.0,True,False,False
FOODS_1_067_WI_3_validation,2600.0,1.3591217982226869,1.4331608463290402,0.4594877156299007,0.16323267561688717,1913.0,True,False,False
FOODS_1_069_CA_1_validation,1491.0,0.7794040773653946,2.0275702505202755,0.6576058546785154,0.15820321995183845,1913.0,False,False,False
FOODS_1_069_CA_2_validation,5084.0,2.748108108108108,1.4921497516288182,0.4524324324324324,0.25385661221429645,1850.0,True,False,True
FOODS_1_069_CA_3_validation,3643.0,1.9043387349712493,1.832859493230879,0.5284892838473602,0.20596074743390796,1913.0,False,False,True
FOODS_1_069_CA_4_validation,1469.0,0.7679038159958181,1.82349263481315,0.6330371144798745,0.13649542174803245,1913.0,False,False,False
FOODS_1_069_TX_1_validation,1738.0,0.9502460360852925,2.3016678054393096,0.7069436850738108,0.17109090167066376,1829.0,False,False,False
FOODS_1_069_TX_2_validation,752.0,0.393099843178254,2.910251954003117,0.7903815995818086,0.15790225656989781,1913.0,False,False,False
FOODS_1_069_TX_3_validation,605.0,0.329520697167756,2.8192104484687457,0.8164488017429193,0.08158484898146105,1836.0,False,True,False
FOODS_1_069_WI_1_validation,1044.0,0.566467715680955,2.183721957583501,0.7303309820944113,0.16788950892211338,1843.0,False,False,False
FOODS_1_069_WI_2_validation,819.0,0.44438415626695604,2.8761483148879483,0.8090070537167662,0.058936965132648,1843.0,False,False,False
FOODS_1_069_WI_3_validation,386.0,0.20786214324178784,3.212840743258217,0.8745288099084545,0.06104184275770258,1857.0,False,True,False
FOODS_1_073_CA_1_validation,2245.0,1.173549398849974,1.2442054432462957,0.43596445373758497,0.16303875199177362,1913.0,False,False,False
FOODS_1_073_CA_2_validation,1322.0,0.69106116048092,1.6233980783725297,0.5985363303711448,0.17798388286073327,1913.0,False,False,False
FOODS_1_073_CA_3_validation,1283.0,0.6706743335075798,1.6886944505372359,0.6105593308938839,0.0934309530435714,1913.0,False,False,False
FOODS_1_073_CA_4_validation,1149.0,0.6210810810810811,1.5526333356612376,0.6037837837837838,0.07095653113217086,1850.0,False,False,False
FOODS_1_073_TX_1_validation,604.0,0.3157344485101934,2.248091867270019,0.7877679038159958,0.03487372137057865,1913.0,False,True,False
FOODS_1_073_TX_2_validation,678.0,0.35441714584422374,2.0965858840291913,0.7532671197072661,0.11543454564988789,1913.0,False,True,False
FOODS_1_073_TX_3_validation,597.0,0.3120752744380554,2.4179595065640536,0.7893361212754836,0.04909622017172537,1913.0,False,True,False
FOODS_1_073_WI_1_validation,1896.0,0.9911134343962362,1.398409049403178,0.5112388917929953,0.15312512481320759,1913.0,False,False,False
FOODS_1_073_WI_2_validation,1169.0,0.6110820700470465,1.6125788449973155,0.6157867224255097,0.09734661432440088,1913.0,False,False,False
FOODS_1_073_WI_3_validation,1016.0,0.531102979613173,1.7881182931576605,0.6696288552012546,0.11885006256944759,1913.0,False,False,False
FOODS_1_074_CA_1_validation,2942.0,1.5378985886042864,1.303660441982214,0.47255619445896496,0.3324459564402469,1913.0,False,False,True
FOODS_1_074_CA_2_validation,3447.0,1.8018818609513854,1.3188629230104598,0.46785154208050184,0.42772994420902416,1913.0,False,False,True
FOODS_1_074_CA_3_validation,3423.0,1.7893361212754835,1.2231138272431483,0.4317825405122844,0.38288150846584834,1913.0,True,False,True
FOODS_1_074_CA_4_validation,1382.0,0.7224255096706743,1.5852318945146424,0.5995818086774699,0.24571337790467665,1913.0,False,False,True
FOODS_1_074_TX_1_validation,1132.0,0.5917407213800313,1.8267567257384716,0.6607422895974908,0.21959549731813854,1913.0,False,False,True
FOODS_1_074_TX_2_validation,1323.0,0.6915838996340826,1.6606828225882844,0.6178776790381599,0.1984876460057774,1913.0,False,False,True
FOODS_1_074_TX_3_validation,624.0,0.32618923157344487,2.7907876417404265,0.7945635128071092,0.07845375093703755,1913.0,False,True,False
FOODS_1_074_WI_1_validation,2357.0,1.232096184004182,1.3746677751023728,0.4976476738107684,0.28207905834578195,1913.0,False,False,True
FOODS_1_074_WI_2_validation,1690.0,0.8834291688447464,1.4176626417156168,0.5582854155776268,0.253193883650547,1913.0,False,False,True
FOODS_1_074_WI_3_validation,1800.0,0.9409304756926293,1.6965499553679342,0.6006272869837951,0.21896093412556464,1913.0,False,False,True
FOODS_1_075_CA_1_validation,1755.0,0.9174072138003136,1.6469619237563728,0.5771040250914794,0.2988225938897298,1913.0,False,False,True
FOODS_1_075_CA_2_validation,1548.0,0.8092002090956613,2.0534807187477444,0.6241505488761108,0.1829854829350755,1913.0,False,False,False
FOODS_1_075_CA_3_validation,922.0,0.48196549921589127,2.159712645691352,0.7260846837428123,0.1671665362926306,1913.0,False,False,False
FOODS_1_075_CA_4_validation,712.0,0.3721902770517512,2.16285187421965,0.7480397281756404,0.10416420711548696,1913.0,False,True,False
FOODS_1_075_TX_1_validation,642.0,0.3355985363303711,2.73138264357447,0.8008363826450601,0.20765569378897494,1913.0,False,True,True
FOODS_1_075_TX_2_validation,831.0,0.4343962362780972,2.4422652137761,0.7579717720857292,0.17459100267524033,1913.0,False,False,False
FOODS_1_075_TX_3_validation,609.0,0.3183481442760063,2.4373346426474636,0.7976999477260847,0.14090928659304988,1913.0,False,True,False
FOODS_1_075_WI_1_validation,1934.0,1.010977522216414,2.0020375959473546,0.5953998954521693,0.3686426397618482,1913.0,False,False,True
FOODS_1_075_WI_2_validation,838.0,0.4380554103502352,2.2277743339833553,0.7334030318870883,0.19395330289521345,1913.0,False,False,True
FOODS_1_075_WI_3_validation,914.0,0.48308668076109934,2.1909838701478925,0.7330866807610994,0.23243773227546558,1892.0,False,False,True
FOODS_1_076_CA_1_validation,1504.0,0.786199686356508,1.292908605716703,0.4992158912702561,0.03604532094627404,1913.0,False,False,False
FOODS_1_076_CA_2_validation,2048.0,1.0705697856769472,1.1455016701496983,0.4014636696288552,0.04266879732485808,1913.0,False,False,False
FOODS_1_076_CA_3_validation,1887.0,0.9864087820177732,1.1204763500811703,0.4087820177731312,0.08912822524051488,1913.0,False,False,False
FOODS_1_076_CA_4_validation,1389.0,0.7260846837428123,1.4248570615492877,0.559330893883952,0.15183091363061674,1913.0,False,False,False
FOODS_1_076_TX_1_validation,1599.0,0.8358599059069525,1.355503185913213,0.5227391531625719,0.11732140364405577,1913.0,False,False,False
FOODS_1_076_TX_2_validation,3001.0,1.5687401986408782,0.9435634960048241,0.28332462101411393,0.13251156538882805,1913.0,True,False,False
FOODS_1_076_TX_3_validation,1689.0,0.882906429691584,1.3876022673970785,0.5159435441714585,0.19870653118242737,1913.0,False,False,True
FOODS_1_076_WI_1_validation,558.0,0.29275970619097585,2.186586342178286,0.7848898216159497,0.14929316964525566,1906.0,False,True,False
FOODS_1_076_WI_2_validation,256.0,0.1338212232096184,3.1032591250250285,0.886565603763722,0.0030982787907719027,1913.0,False,True,False
FOODS_1_076_WI_3_validation,224.0,0.11927582534611289,3.2570549688136623,0.8961661341853036,0.012552669517646869,1878.0,False,True,False
FOODS_1_080_CA_1_validation,1482.0,0.7746994249869316,1.508114715857069,0.5771040250914794,0.15581117451718143,1913.0,False,False,False
FOODS_1_080_CA_2_validation,1335.0,0.7216216216216216,1.5714284516704924,0.6048648648648649,0.1567706306311218,1850.0,False,False,False
FOODS_1_080_CA_3_validation,2089.0,1.0920020909566126,1.2645309429226579,0.45791949817041294,0.19069029350549568,1913.0,False,False,True
FOODS_1_080_CA_4_validation,864.0,0.46526655896607433,1.619688421968228,0.6591276252019386,0.06508097677222444,1857.0,False,False,False
FOODS_1_080_TX_1_validation,921.0,0.4814427600627287,1.7669135215167777,0.6722425509670674,-0.0005071568608062244,1913.0,False,False,False
FOODS_1_080_TX_2_validation,1011.0,0.5485621269669018,1.6142606535015354,0.6310363537710255,-0.0026138033707893034,1843.0,False,False,False
FOODS_1_080_TX_3_validation,605.0,0.316257187663356,2.2354674767859217,0.7663355985363304,-0.027333139420440637,1913.0,False,True,False
FOODS_1_080_WI_1_validation,806.0,0.4373304395008139,1.5381593216375526,0.6543678784590342,0.008043241891984016,1843.0,False,False,False
FOODS_1_080_WI_2_validation,1031.0,0.5389440669106116,1.5260549456333456,0.6231050705697857,-0.00028907433170942306,1913.0,False,False,False
FOODS_1_080_WI_3_validation,593.0,0.31813304721030045,1.9079047518295094,0.746244635193133,0.07822722341520072,1864.0,False,True,False
FOODS_1_083_CA_1_validation,2785.0,1.4558285415577628,1.3768848012058306,0.46001045478306324,0.1906415328632467,1913.0,True,False,True
FOODS_1_083_CA_2_validation,7181.0,3.753789858860429,1.2176970277710804,0.2932566649242028,0.260608309636757,1913.0,True,False,True
FOODS_1_083_CA_3_validation,5532.0,2.8917929952953476,1.2618948891434836,0.36905384213277576,0.19307641101750125,1913.0,True,False,True
FOODS_1_083_CA_4_validation,2436.0,1.273392577104025,1.3238969627150594,0.43596445373758497,0.08174189368518178,1913.0,False,False,False
FOODS_1_083_TX_1_validation,2401.0,1.2550967067433352,1.640068273543681,0.5253528489283847,0.19408417887712795,1913.0,False,False,True
FOODS_1_083_TX_2_validation,2112.0,1.104025091479352,1.5298420127883638,0.4887611082070047,0.11274971240987261,1913.0,False,False,False
FOODS_1_083_TX_3_validation,1459.0,0.7740053050397878,1.8031524580614422,0.63342175066313,0.11738083766833213,1885.0,False,False,False
FOODS_1_083_WI_1_validation,3257.0,1.7025614218504965,1.4217888909734346,0.3721902770517512,0.1379166168308337,1913.0,True,False,False
FOODS_1_083_WI_2_validation,4541.0,2.4001057082452433,1.2521873851204708,0.386892177589852,0.12088068423337596,1892.0,True,False,False
FOODS_1_083_WI_3_validation,3151.0,1.647151071615264,1.3694710713302394,0.4181913225300575,0.26628263027522253,1913.0,True,False,True
FOODS_1_084_CA_1_validation,106.0,0.05541035023523262,4.989185554053835,0.9550444328280188,0.06975541139605462,1913.0,False,True,False
FOODS_1_084_CA_2_validation,177.0,0.09252483010977522,4.834853905717116,0.9393622582331417,0.025873073699301717,1913.0,False,True,False
FOODS_1_084_CA_3_validation,186.0,0.09722948248823837,4.865606662844643,0.9357030841610037,0.03496695170500759,1913.0,False,True,False
FOODS_1_084_CA_4_validation,166.0,0.10387984981226533,4.917644506974561,0.9399249061326659,0.005850997494784706,1598.0,False,True,False
FOODS_1_084_TX_1_validation,113.0,0.05906952430737062,5.614850273478502,0.9571353894406691,0.10327073307037984,1913.0,False,True,False
FOODS_1_084_TX_2_validation,294.0,0.15368531102979613,3.635332282675687,0.9048614741244119,0.15817628132255573,1913.0,False,True,False
FOODS_1_084_TX_3_validation,434.0,0.49095022624434387,2.395119241540646,0.752262443438914,0.07852583424600462,884.0,False,True,False
FOODS_1_084_WI_1_validation,273.0,0.1427077888133821,3.6120825193322497,0.9038159958180868,0.07824189322936285,1913.0,False,True,False
FOODS_1_084_WI_2_validation,97.0,0.05070569785676947,5.376109809696174,0.9607945635128071,0.1279142765494977,1913.0,False,True,False
FOODS_1_084_WI_3_validation,201.0,0.10507056978567694,3.9171263535355556,0.9226346053319394,-0.0014565800294190885,1913.0,False,True,False
FOODS_1_085_CA_1_validation,20358.0,10.641923680083638,0.6528699682748583,0.01881860951385259,0.2488222177996596,1913.0,True,False,True
FOODS_1_085_CA_2_validation,15089.0,7.887611082070047,0.7442798466936288,0.029796131730266597,0.27220229562769815,1913.0,True,False,True
FOODS_1_085_CA_3_validation,10900.0,5.6978567694720335,0.8213415836248852,0.05802404600104548,0.38572520564619484,1913.0,True,False,True
FOODS_1_085_CA_4_validation,13533.0,7.074228959749085,0.7341019712088059,0.045478306325143755,0.35799417822744883,1913.0,True,False,True
FOODS_1_085_TX_1_validation,8997.0,4.703084161003659,0.8637932754292752,0.12911657083115524,0.36240057478807697,1913.0,True,False,True
FOODS_1_085_TX_2_validation,14297.0,7.47360167276529,0.9195433095615579,0.07161526398327235,0.571946704787432,1913.0,True,False,True
FOODS_1_085_TX_3_validation,9223.0,4.821223209618401,0.9521664084084848,0.167276529012023,0.3602053783616825,1913.0,True,False,True
FOODS_1_085_WI_1_validation,21174.0,11.068478829064297,0.6036853794015368,0.02247778358599059,0.27249223798219085,1913.0,True,False,True
FOODS_1_085_WI_2_validation,21697.0,11.341871406168321,0.6859719414904958,0.056455828541557763,0.35896149031040053,1913.0,True,False,True
FOODS_1_085_WI_3_validation,13219.0,6.9100888656560375,0.7645947998517073,0.04600104547830632,0.3812519214400128,1913.0,True,False,True
FOODS_1_086_CA_1_validation,10583.0,5.532148457919498,0.8023884515364206,0.21536853110297963,0.33668519976534883,1913.0,True,False,True
FOODS_1_086_CA_2_validation,7017.0,3.668060637741767,0.8184937113005402,0.167276529012023,0.291293090292274,1913.0,True,False,True
FOODS_1_086_CA_3_validation,8124.0,4.2467328802927335,0.7255341763462626,0.11186617877679038,0.27694431390520646,1913.0,True,False,True
FOODS_1_086_CA_4_validation,5495.0,2.9043340380549685,0.9470923915931576,0.2843551797040169,0.3087627114042696,1892.0,True,False,True
FOODS_1_086_TX_1_validation,406.0,0.22113289760348584,2.542874769045214,0.8284313725490197,0.018555398221017955,1836.0,False,True,False
FOODS_1_086_TX_2_validation,507.0,0.27509495387954425,2.2782421979045657,0.7981551817688551,0.10691793256677005,1843.0,False,True,False
FOODS_1_086_TX_3_validation,308.0,0.16100365917407214,2.9537151627506795,0.876633559853633,0.06484278391180275,1913.0,False,True,False
FOODS_1_086_WI_1_validation,7498.0,3.919498170412964,0.9357818186455608,0.2739153162571877,0.26754378381091076,1913.0,True,False,True
FOODS_1_086_WI_2_validation,4819.0,2.5190799790904337,1.1033105833239496,0.3549398849973863,0.30828454740558847,1913.0,True,False,True
FOODS_1_086_WI_3_validation,3444.0,1.8003136434918976,1.028375729524304,0.30946157867224255,0.10379804660378363,1913.0,True,False,False
FOODS_1_088_CA_1_validation,2949.0,1.5415577626764245,1.36556845791784,0.40930475692629376,0.23659291234639498,1913.0,True,False,True
FOODS_1_088_CA_2_validation,7102.0,3.7124934657605855,1.1841230189571623,0.31312075274438056,0.3502289678781176,1913.0,True,False,True
FOODS_1_088_CA_3_validation,6432.0,3.362258233141662,1.1221134804303963,0.25405122843700995,0.25102462742600573,1913.0,True,False,True
FOODS_1_088_CA_4_validation,1325.0,0.6926293779404077,1.5307358005975316,0.5818086774699425,0.19143882440313736,1913.0,False,False,True
FOODS_1_088_TX_1_validation,1959.0,1.0240460010454784,1.6080758369592347,0.5368531102979613,0.091201660105065,1913.0,False,False,False
FOODS_1_088_TX_2_validation,2868.0,1.4992158912702562,1.5394173601830439,0.3826450601150026,0.13088970887468288,1913.0,True,False,False
FOODS_1_088_TX_3_validation,2208.0,1.1542080501829588,1.4669726192704777,0.47255619445896496,0.23595711088021462,1913.0,False,False,True
FOODS_1_088_WI_1_validation,1818.0,0.9503397804495557,1.6449082686224434,0.5138525875588081,0.18816964175685133,1913.0,False,False,False
FOODS_1_088_WI_2_validation,1059.0,0.5535807631991636,1.7364552503934703,0.6466283324621014,0.2077132495592042,1913.0,False,False,True
FOODS_1_088_WI_3_validation,1618.0,0.8457919498170413,1.6392727965470952,0.5561944589649764,0.15655329983957325,1913.0,False,False,False
FOODS_1_094_CA_1_validation,1561.0,0.8159958180867747,1.56477746622583,0.5279665446941976,0.09248693095723996,1913.0,False,False,False
FOODS_1_094_CA_2_validation,4596.0,2.4025091479351803,1.1436295773536664,0.3157344485101934,0.20660482238463887,1913.0,True,False,True
FOODS_1_094_CA_3_validation,3827.0,2.0005227391531624,1.2486794866510806,0.30998431782540514,0.09445986112737007,1913.0,True,False,False
FOODS_1_094_CA_4_validation,1044.0,0.566467715680955,1.5116269811842244,0.6125881714595768,0.12120631699067047,1843.0,False,False,False
FOODS_1_094_TX_1_validation,1474.0,0.770517511761631,2.004325310717886,0.6246732880292734,0.04932856013901717,1913.0,False,False,False
FOODS_1_094_TX_2_validation,1531.0,0.8003136434918976,1.59197810181306,0.553058024046001,0.13295683423540985,1913.0,False,False,False
FOODS_1_094_TX_3_validation,887.0,0.46366962885520124,1.7917983591932958,0.6863565081024569,0.12428917025259788,1913.0,False,False,False
FOODS_1_094_WI_1_validation,1668.0,0.8719289074751699,1.2907086146472473,0.4939884997386304,0.19592334243674003,1913.0,False,False,True
FOODS_1_094_WI_2_validation,1191.0,0.6225823314166231,1.6051647031118652,0.6131730266596969,0.15195337235546075,1913.0,False,False,False
FOODS_1_094_WI_3_validation,947.0,0.4950339780449556,1.808336199339451,0.6675378985886042,0.08741745797205494,1913.0,False,False,False
FOODS_1_095_CA_1_validation,399.0,0.20857292211186618,3.3398002588043627,0.8776790381599582,0.04404572786259625,1913.0,False,True,False
FOODS_1_095_CA_2_validation,901.0,0.47098797699947725,2.5669012266676736,0.778881338212232,0.024738021650659435,1913.0,False,False,False
FOODS_1_095_CA_3_validation,250.0,0.13068478829064298,3.839299062160036,0.9121798222686879,0.026131799712843885,1913.0,False,True,False
FOODS_1_095_CA_4_validation,1396.0,0.7297438578149503,3.0129963481272926,0.7909043387349712,0.11179665049992073,1913.0,False,False,False
FOODS_1_095_TX_1_validation,259.0,0.1353894406691061,3.386481499777911,0.898588604286461,0.05138756097042472,1913.0,False,True,False
FOODS_1_095_TX_2_validation,801.0,0.41871406168322006,2.336241729603327,0.763199163617355,0.046682783865920494,1913.0,False,False,False
FOODS_1_095_TX_3_validation,1727.0,0.9027705175117616,1.6385893631972241,0.5833768949294302,0.1711496712028404,1913.0,False,False,False
FOODS_1_095_WI_1_validation,1068.0,0.5582854155776268,1.9780664439624964,0.6826973340303188,0.12592368123171924,1913.0,False,False,False
FOODS_1_095_WI_2_validation,751.0,0.3925771040250915,2.1102159513819534,0.7428123366440146,0.2719323929031665,1913.0,False,False,True
FOODS_1_095_WI_3_validation,242.0,0.12650287506534239,4.321361250218235,0.9226346053319394,0.055615610489126555,1913.0,False,True,False
FOODS_1_096_CA_1_validation,590.0,0.30841610036591743,2.1130328807663443,0.7684265551489806,0.03038885233026636,1913.0,False,True,False
FOODS_1_096_CA_2_validation,1897.0,0.9916361735493988,1.3682541415566216,0.46732880292733925,0.10634798437618934,1913.0,False,False,False
FOODS_1_096_CA_3_validation,2881.0,1.5060115002613697,1.063218275713932,0.31259801359121797,0.08505525215243916,1913.0,True,False,False
FOODS_1_096_CA_4_validation,907.0,0.47412441191845267,1.7755317550622414,0.6769472033455306,0.04642945715972011,1913.0,False,False,False
FOODS_1_096_TX_1_validation,5069.0,2.6497647673810767,1.316390656872544,0.47412441191845267,0.5008116184628475,1913.0,False,False,True
FOODS_1_096_TX_2_validation,7513.0,3.9273392577104027,0.8033176379683905,0.14793518034500783,0.33883286938173196,1913.0,True,False,True
FOODS_1_096_TX_3_validation,20285.0,10.603763721902771,1.1918113843244662,0.35807631991636174,0.7308679414827907,1913.0,True,False,True
FOODS_1_096_WI_1_validation,10645.0,5.564558285415577,0.9290273266522038,0.13434396236278098,0.5919596175111567,1913.0,True,False,True
FOODS_1_096_WI_2_validation,29681.0,15.515420805018296,1.1241629299788551,0.18818609513852588,0.7975064837941547,1913.0,True,False,True
FOODS_1_096_WI_3_validation,12889.0,6.737584945112389,1.1421256654530858,0.3267119707266074,0.44110121178636885,1913.0,True,False,True
FOODS_1_101_CA_1_validation,1051.0,0.549398849973863,1.932638224571407,0.6889702038682697,0.13898570291277587,1913.0,False,False,False
FOODS_1_101_CA_2_validation,1290.0,0.6743335075797178,1.7491662750924544,0.6184004181913225,0.037011849178781045,1913.0,False,False,False
FOODS_1_101_CA_3_validation,1325.0,0.7244395844723893,2.0108339160327233,0.6632039365773646,0.18176450809229544,1829.0,False,False,False
FOODS_1_101_CA_4_validation,662.0,0.3460533193936226,2.2243916685017346,0.770517511761631,0.17212247587609322,1913.0,False,True,False
FOODS_1_101_TX_1_validation,637.0,0.3329848405645583,2.3279334700774865,0.7767903815995818,0.044833881946695714,1913.0,False,True,False
FOODS_1_101_TX_2_validation,790.0,0.4144805876180483,2.0598267448835164,0.7350472193074502,0.12526957291245416,1906.0,False,False,False
FOODS_1_101_TX_3_validation,919.0,0.49864351600651113,2.6145019514247827,0.7357569180683667,0.15819756226542958,1843.0,False,False,False
FOODS_1_101_WI_1_validation,1747.0,0.913225300575013,1.5020496232300107,0.527443805541035,0.12222551744717208,1913.0,False,False,False
FOODS_1_101_WI_2_validation,1462.0,0.7642446419236801,1.8125009134299497,0.6314688970203868,0.1154229189049745,1913.0,False,False,False
FOODS_1_101_WI_3_validation,1175.0,0.6142185049660219,1.7783765286126703,0.6481965499215891,0.22215322962894699,1913.0,False,False,True
FOODS_1_103_CA_1_validation,2705.0,1.4140094093047568,1.3974966971399192,0.4406691061160481,0.32861811129361546,1913.0,True,False,True
FOODS_1_103_CA_2_validation,3105.0,1.6231050705697856,1.6709074882913342,0.48405645582854157,0.24073902075981007,1913.0,False,False,True
FOODS_1_103_CA_3_validation,3884.0,2.030318870883429,1.241096263006223,0.3847360167276529,0.2245077172306563,1913.0,True,False,True
FOODS_1_103_CA_4_validation,891.0,0.46576058546785154,1.9467967106790665,0.7145844223732357,0.1303522039936494,1913.0,False,False,False
FOODS_1_103_TX_1_validation,1697.0,0.8870883429168844,1.8636215586039628,0.6136957658128593,0.10881080167013227,1913.0,False,False,False
FOODS_1_103_TX_2_validation,1623.0,0.8484056455828541,1.8086605539672236,0.5995818086774699,0.12684253351058664,1913.0,False,False,False
FOODS_1_103_TX_3_validation,1422.0,0.7433350757971772,1.9314052544258076,0.6377417668583377,0.15449493780036594,1913.0,False,False,False
FOODS_1_103_WI_1_validation,1688.0,0.8823836905384214,1.4482793345479696,0.5467851542080502,0.184236852926727,1913.0,False,False,False
FOODS_1_103_WI_2_validation,1211.0,0.6377040547656662,1.6754680749923851,0.6492890995260664,0.16127388388643094,1899.0,False,False,False
FOODS_1_103_WI_3_validation,1043.0,0.5452169367485624,1.9287413916326983,0.6978567694720335,0.2735646679111162,1913.0,False,False,True
FOODS_1_104_CA_1_validation,3392.0,1.773131207527444,1.3627498043575825,0.4051228437009932,0.2753586427922209,1913.0,True,False,True
FOODS_1_104_CA_2_validation,8864.0,4.633559853633037,1.1942365484125723,0.35703084161003656,0.4084643042790579,1913.0,True,False,True
FOODS_1_104_CA_3_validation,8731.0,4.564035546262415,1.212141388354759,0.34553058024046,0.37589104620271274,1913.0,True,False,True
FOODS_1_104_CA_4_validation,1145.0,0.5985363303711448,1.9727371007806154,0.647151071615264,0.10351263274449997,1913.0,False,False,False
FOODS_1_104_TX_1_validation,3052.0,1.5953998954521693,1.592424494212924,0.5112388917929953,0.31424777335809473,1913.0,False,False,True
FOODS_1_104_TX_2_validation,3862.0,2.0188186095138527,1.3914411532813666,0.42080501829587036,0.2601552753036182,1913.0,True,False,True
FOODS_1_104_TX_3_validation,3431.0,1.7935180345007842,1.3763855436591954,0.4913748039728176,0.3985306995958083,1913.0,False,False,True
FOODS_1_104_WI_1_validation,1041.0,0.5441714584422374,2.0710515850168183,0.6759017250392054,0.10278627783195163,1913.0,False,False,False
FOODS_1_104_WI_2_validation,1314.0,0.6868792472556194,1.7729069517817053,0.6314688970203868,0.2846263322508947,1913.0,False,False,True
FOODS_1_104_WI_3_validation,1877.0,0.9811813904861474,1.4901370331984336,0.5410350235232619,0.2196904501664131,1913.0,False,False,True
FOODS_1_106_CA_1_validation,2507.0,1.3105070569785677,1.1781018357650161,0.3883951907997909,0.0910662193205105,1913.0,True,False,False
FOODS_1_106_CA_2_validation,7684.0,4.016727652901202,0.9632291065013715,0.1991636173549399,0.21845334390676588,1913.0,True,False,True
FOODS_1_106_CA_3_validation,5720.0,2.990067956089911,1.2060562984165495,0.25248301097752224,0.1294780796182818,1913.0,True,False,False
FOODS_1_106_CA_4_validation,1323.0,0.6915838996340826,1.4677365112794916,0.5828541557762676,0.2120138665087716,1913.0,False,False,True
FOODS_1_106_TX_1_validation,2439.0,1.2749607945635129,1.4922970427847304,0.4500784108729744,0.07950178359558215,1913.0,True,False,False
FOODS_1_106_TX_2_validation,2973.0,1.5541035023523262,1.3577146776626543,0.3868269733403032,0.14753837316345886,1913.0,True,False,False
FOODS_1_106_TX_3_validation,1883.0,0.9843178254051228,1.3626057822762019,0.487192890747517,0.18485272664793453,1913.0,False,False,False
FOODS_1_106_WI_1_validation,2236.0,1.1688447464715108,1.177284137332048,0.4087820177731312,0.16346322681340125,1913.0,False,False,False
FOODS_1_106_WI_2_validation,1591.0,0.8316779926816519,1.5165830457000296,0.5488761108207004,0.11410380177202901,1913.0,False,False,False
FOODS_1_106_WI_3_validation,1892.0,0.989022477783586,1.283868131426833,0.4647151071615264,0.09888959075597435,1913.0,False,False,False
FOODS_1_108_CA_1_validation,1716.0,0.8970203868269734,1.5255923420157096,0.5279665446941976,0.05863260077437054,1913.0,False,False,False
FOODS_1_108_CA_2_validation,3790.0,1.9811813904861475,1.0948136057567732,0.3251437532671197,0.18198552265720497,1913.0,True,False,False
FOODS_1_108_CA_3_validation,7216.0,3.7720857292211187,0.9220792022568925,0.15420805018295872,0.11223710730703614,1913.0,True,False,False
FOODS_1_108_CA_4_validation,1171.0,0.6501943364797335,1.630742191519953,0.6124375347029428,0.07738004415284508,1801.0,False,False,False
FOODS_1_108_TX_1_validation,1608.0,0.8405645582854155,1.5246689046805308,0.552012545739676,0.10687244048533542,1913.0,False,False,False
FOODS_1_108_TX_2_validation,1812.0,0.9472033455305803,1.4693620883572043,0.5243073706220596,0.12367925325378962,1913.0,False,False,False
FOODS_1_108_TX_3_validation,1398.0,0.7307893361212755,1.7300787034303562,0.632514375326712,0.1530751651629012,1913.0,False,False,False
FOODS_1_108_WI_1_validation,2166.0,1.1322530057501308,1.273854574797836,0.43962362780972297,0.09487625143883928,1913.0,False,False,False
FOODS_1_108_WI_2_validation,1700.0,0.8886565603763722,1.5314487719707373,0.5525352848928384,0.13295205918797537,1913.0,False,False,False
FOODS_1_108_WI_3_validation,1672.0,0.8903088391906283,1.5375819839787774,0.5628328008519702,0.10198855485249939,1878.0,False,False,False
HOBBIES_1_008_CA_1_validation,13830.0,7.229482488238369,1.2609885584061835,0.279665446941976,0.09746897601253304,1913.0,True,False,False
HOBBIES_1_008_CA_2_validation,7905.0,4.660966981132075,1.3146119466717126,0.3431603773584906,0.11194959186590242,1696.0,True,False,False
HOBBIES_1_008_CA_3_validation,16671.0,8.714584422373235,1.2867304916477809,0.30005227391531625,0.43527166326439376,1913.0,True,False,True
HOBBIES_1_008_CA_4_validation,9150.0,5.372871403405755,1.226064206841525,0.29770992366412213,0.14003788947894252,1703.0,True,False,False
HOBBIES_1_008_TX_1_validation,5662.0,2.959749085206482,1.6482228478981316,0.446941975953999,0.08598298931046636,1913.0,True,False,False
HOBBIES_1_008_TX_2_validation,10027.0,5.241505488761108,1.7039669472341397,0.352848928384736,0.15043055747664222,1913.0,True,False,False
HOBBIES_1_008_TX_3_validation,4930.0,2.5771040250914794,1.6705205723722873,0.4474647151071615,0.11608742709756831,1913.0,True,False,False
HOBBIES_1_008_WI_1_validation,9051.0,4.731312075274438,1.095818619042436,0.25875588081547307,0.25422527698892344,1913.0,True,False,True
HOBBIES_1_008_WI_2_validation,5696.0,2.9775222164140094,1.4216988523413603,0.35546262415054886,0.14101714603214333,1913.0,True,False,False
HOBBIES_1_008_WI_3_validation,4723.0,2.468897020386827,1.5830949356120692,0.40930475692629376,0.1221626780260061,1913.0,True,False,False
HOBBIES_1_009_CA_1_validation,2269.0,1.1860951385258756,1.6989175589053782,0.5399895452169368,0.08171711227160687,1913.0,False,False,False
HOBBIES_1_009_CA_2_validation,1355.0,0.7083115525352849,1.9224471935159237,0.6696288552012546,0.05657444755603737,1913.0,False,False,False
HOBBIES_1_009_CA_3_validation,2161.0,1.1296393099843178,1.6642574717915168,0.5499215891270256,0.06755484780786937,1913.0,False,False,False
HOBBIES_1_009_CA_4_validation,2465.0,1.6132198952879582,1.8271056814412812,0.5104712041884817,0.022468948999197214,1528.0,False,False,False
HOBBIES_1_009_TX_1_validation,1220.0,0.6377417668583377,2.256609037857111,0.6941975953998955,-0.002083110807154158,1913.0,False,False,False
HOBBIES_1_009_TX_2_validation,1690.0,0.8834291688447464,2.0003593850642463,0.6314688970203868,0.1043645998595739,1913.0,False,False,False
HOBBIES_1_009_TX_3_validation,1034.0,0.5405122843700993,2.0741365258643993,0.7119707266074229,0.0025582444183500958,1913.0,False,False,False
HOBBIES_1_009_WI_1_validation,1579.0,0.9968434343434344,1.5163724893154589,0.5227272727272727,0.0074789023782456665,1584.0,False,False,False
HOBBIES_1_009_WI_2_validation,511.0,0.2671197072660742,2.95154937852419,0.8264506011500261,0.07920720160961998,1913.0,False,True,False
HOBBIES_1_009_WI_3_validation,1373.0,0.7177208572922111,2.4349547549791857,0.6941975953998955,0.039650051574860415,1913.0,False,False,False
HOBBIES_1_010_CA_1_validation,1376.0,0.7192890747516989,1.2813864598207947,0.5206481965499216,0.08904634335288199,1913.0,False,False,False
HOBBIES_1_010_CA_2_validation,943.0,0.4929430214323053,1.5219370615447618,0.632514375326712,0.1581098497355892,1913.0,False,False,False
HOBBIES_1_010_CA_3_validation,1498.0,0.7830632514375326,1.197400280224747,0.48405645582854157,0.05076010293226147,1913.0,False,False,False
HOBBIES_1_010_CA_4_validation,485.0,0.25352848928384736,2.05706072421902,0.7809722948248824,0.03308729541513526,1913.0,False,True,False
HOBBIES_1_010_TX_1_validation,983.0,0.5138525875588081,1.4461901120120508,0.6136957658128593,0.135746894669803,1913.0,False,False,False
HOBBIES_1_010_TX_2_validation,2014.0,1.0527966544694198,1.08952746546793,0.3978044955567172,0.07700733262319819,1913.0,False,False,False
HOBBIES_1_010_TX_3_validation,915.0,0.47830632514375326,1.470097639395702,0.6267642446419237,0.07491696996160777,1913.0,False,False,False
HOBBIES_1_010_WI_1_validation,1160.0,0.6063774176685833,1.287069026519466,0.5441714584422374,0.044941923177724,1913.0,False,False,False
HOBBIES_1_010_WI_2_validation,815.0,0.4260324098274961,1.6226882583988873,0.6680606377417668,0.07032568125153436,1913.0,False,False,False
HOBBIES_1_010_WI_3_validation,1500.0,0.7841087297438578,1.240107662427703,0.4939884997386304,0.08424399639390144,1913.0,False,False,False
HOBBIES_1_012_CA_1_validation,754.0,0.3941453214845792,1.648111189942278,0.687401986408782,0.05582829455874789,1913.0,False,False,False
HOBBIES_1_012_CA_2_validation,984.0,0.5143753267119707,1.5387851777963486,0.6319916361735494,0.10285303967729344,1913.0,False,False,False
HOBBIES_1_012_CA_3_validation,1179.0,0.6163094615786723,1.4092749544672427,0.5771040250914794,0.11301259317541053,1913.0,False,False,False
HOBBIES_1_012_CA_4_validation,339.0,0.17785939139559287,2.5002117076275017,0.8452256033578174,0.008036653789519359,1906.0,False,True,False
HOBBIES_1_012_TX_1_validation,340.0,0.17773131207527443,2.752463210565098,0.8562467328802927,0.20571207725548016,1913.0,False,True,True
HOBBIES_1_012_TX_2_validation,1145.0,0.5985363303711448,1.4667852372620005,0.5886042864610559,0.12543269252108205,1913.0,False,False,False
HOBBIES_1_012_TX_3_validation,508.0,0.2655514898065865,2.0290505466820625,0.7757449032932566,-0.01136660522870101,1913.0,False,True,False
HOBBIES_1_012_WI_1_validation,735.0,0.3842132775744903,1.7009409489116438,0.6968112911657083,0.12894891839971429,1913.0,False,False,False
HOBBIES_1_012_WI_2_validation,446.0,0.23314166231050706,2.0993160612912876,0.7945635128071092,0.02044026498949477,1913.0,False,True,False
HOBBIES_1_012_WI_3_validation,896.0,0.4683742812336644,1.594447350793265,0.6560376372190277,0.1205651504575672,1913.0,False,False,False
HOBBIES_1_015_CA_1_validation,11602.0,6.064819654992159,1.2124642783869042,0.1949817041296393,0.1554560485560405,1913.0,True,False,False
HOBBIES_1_015_CA_2_validation,13957.0,7.2958703606900155,1.4111952755541444,0.2707788813382122,0.1828094793817703,1913.0,True,False,False
HOBBIES_1_015_CA_3_validation,17630.0,9.215891270256142,0.9880206042217743,0.12232096184004182,0.1683643053841334,1913.0,True,False,False
HOBBIES_1_015_CA_4_validation,9792.0,5.118661787767904,1.0165935736305565,0.12232096184004182,0.11636731500820982,1913.0,True,False,False
HOBBIES_1_015_TX_1_validation,5322.0,2.7820177731312077,1.7959421132669608,0.3810768426555149,0.040060484670168664,1913.0,True,False,False
HOBBIES_1_015_TX_2_validation,6504.0,3.3998954521693676,1.3721291391585455,0.30266596968112913,0.14696809612636438,1913.0,True,False,False
HOBBIES_1_015_TX_3_validation,7900.0,4.129639309984317,1.5216375790246248,0.29952953476215366,0.037326644995527,1913.0,True,False,False
HOBBIES_1_015_WI_1_validation,4529.0,2.367485624673288,1.5296903623270208,0.34814427600627285,-0.010952044373138705,1913.0,True,False,False
HOBBIES_1_015_WI_2_validation,2477.0,1.3091966173361522,1.9412454549761786,0.5702959830866807,0.05197514378662306,1892.0,False,False,False
HOBBIES_1_015_WI_3_validation,4828.0,2.523784631468897,1.5140473001279546,0.36853110297961317,0.05236300265840344,1913.0,True,False,False
HOBBIES_1_016_CA_1_validation,10575.0,5.5279665446941975,1.403434017109057,0.20543648719289076,0.04597774069031892,1913.0,True,False,False
HOBBIES_1_016_CA_2_validation,8690.0,4.54260324098275,1.4162158650539876,0.2786199686356508,0.1458687750634316,1913.0,True,False,False
HOBBIES_1_016_CA_3_validation,12791.0,6.686356508102457,1.1355653292262835,0.1578672242550967,0.046273639037662115,1913.0,True,False,False
HOBBIES_1_016_CA_4_validation,1339.0,0.8095525997581621,3.357056956088953,0.8282950423216445,0.33152884433251395,1654.0,False,False,True
HOBBIES_1_016_TX_1_validation,3720.0,1.9445896497647674,1.6708330832010663,0.41923680083638265,0.07292080910786669,1913.0,True,False,False
HOBBIES_1_016_TX_2_validation,6118.0,3.198118139048615,1.3009930634483748,0.2707788813382122,0.06944770755126561,1913.0,True,False,False
HOBBIES_1_016_TX_3_validation,3480.0,1.81913225300575,1.6674093326587434,0.4317825405122844,0.027779088501428784,1913.0,True,False,False
HOBBIES_1_016_WI_1_validation,5388.0,2.816518557239937,1.4903384558091857,0.36121275483533716,0.12427267307533962,1913.0,True,False,False
HOBBIES_1_016_WI_2_validation,2560.0,1.338212232096184,1.8455289797206667,0.567694720334553,0.05073462302807349,1913.0,False,False,False
HOBBIES_1_016_WI_3_validation,5158.0,2.696288552012546,1.7181635134820894,0.3789858860428646,0.04191451638910452,1913.0,True,False,False
HOBBIES_1_022_CA_1_validation,653.0,0.3413486670151594,1.8373650155815966,0.7297438578149503,0.053424195160543204,1913.0,False,False,False
HOBBIES_1_022_CA_2_validation,1039.0,0.5431259801359122,1.519764757779344,0.6215368531102979,0.09804571622311122,1913.0,False,False,False
HOBBIES_1_022_CA_3_validation,1073.0,0.5608991113434396,1.4352718440733732,0.5906952430737062,0.0541869207598409,1913.0,False,False,False
HOBBIES_1_022_CA_4_validation,213.0,0.1113434396236278,3.1101272102929203,0.8980658651332984,-0.019230288651455325,1913.0,False,True,False
HOBBIES_1_022_TX_1_validation,475.0,0.24830109775222164,2.1699323780574833,0.7966544694197596,-0.020996964777096963,1913.0,False,True,False
HOBBIES_1_022_TX_2_validation,884.0,0.46210141139571353,1.5971617050918752,0.6565603763721902,0.07437210679692995,1913.0,False,False,False
HOBBIES_1_022_TX_3_validation,554.0,0.2895974908520648,2.0002344954798934,0.7642446419236801,0.037127182330289055,1913.0,False,True,False
HOBBIES_1_022_WI_1_validation,776.0,0.40564558285415575,1.718574454325208,0.6941975953998955,0.016969863686537186,1913.0,False,False,False
HOBBIES_1_022_WI_2_validation,719.0,0.3758494511238892,1.8017044488828668,0.7104025091479352,0.05314094404572747,1913.0,False,False,False
HOBBIES_1_022_WI_3_validation,971.0,0.5075797177208573,1.5994151707073696,0.6403554626241506,0.05145347592686798,1913.0,False,False,False
HOBBIES_1_023_CA_1_validation,2149.0,1.123366440146367,1.2464811058092284,0.4683742812336644,0.32515500660747604,1913.0,False,False,True
HOBBIES_1_023_CA_2_validation,1585.0,0.8285415577626765,1.5865220485409344,0.5922634605331939,0.40416523705110036,1913.0,False,False,True
HOBBIES_1_023_CA_3_validation,2880.0,1.505488761108207,1.3342087072825493,0.49189754312598016,0.4294982836794717,1913.0,False,False,True
HOBBIES_1_023_CA_4_validation,877.0,0.45844223732357553,1.6263988776276457,0.661787767903816,0.11605464565294688,1913.0,False,False,False
HOBBIES_1_023_TX_1_validation,2488.0,1.3005750130684788,1.2371737002064058,0.4364871928907475,0.3321530264400471,1913.0,True,False,True
HOBBIES_1_023_TX_2_validation,3687.0,1.9273392577104025,1.233069771915048,0.41035023523261893,0.47340695987977527,1913.0,True,False,True
HOBBIES_1_023_TX_3_validation,4804.0,2.511238891792995,0.9782978275586498,0.2509147935180345,0.34113754869817103,1913.0,True,False,True
HOBBIES_1_023_WI_1_validation,339.0,0.17720857292211187,2.3688566487625073,0.8374281233664401,-0.009264657497563117,1913.0,False,True,False
HOBBIES_1_023_WI_2_validation,987.0,0.5159435441714585,1.5302026647445344,0.6283324621014114,0.0911613362401914,1913.0,False,False,False
HOBBIES_1_023_WI_3_validation,1011.0,0.5284892838473602,1.456387053500701,0.6069001568217459,0.1561545027298152,1913.0,False,False,False
HOBBIES_1_028_CA_1_validation,1341.0,0.7009932043910089,1.3868116859615747,0.5582854155776268,0.19203750348241194,1913.0,False,False,True
HOBBIES_1_028_CA_2_validation,842.0,0.4401463669628855,1.6799621970619447,0.6774699424986932,0.09029187890960702,1913.0,False,False,False
HOBBIES_1_028_CA_3_validation,1125.0,0.5880815473078934,1.3953290917710712,0.5828541557762676,0.007871497354609742,1913.0,False,False,False
HOBBIES_1_028_CA_4_validation,992.0,0.5185572399372713,1.383141700582074,0.5959226346053319,-0.031711916701676994,1913.0,False,False,False
HOBBIES_1_028_TX_1_validation,577.0,0.30162049137480396,1.8306968945818933,0.7417668583376895,0.002643476713046201,1913.0,False,True,False
HOBBIES_1_028_TX_2_validation,756.0,0.3951907997909043,1.6070996570942546,0.6785154208050183,0.07109438262903757,1913.0,False,False,False
HOBBIES_1_028_TX_3_validation,640.0,0.334553058024046,1.7156237302770032,0.7119707266074229,0.03943406880540538,1913.0,False,False,False
HOBBIES_1_028_WI_1_validation,803.0,0.41975953998954524,1.5995295124007691,0.6717198118139048,0.0620108180554536,1913.0,False,False,False
HOBBIES_1_028_WI_2_validation,428.0,0.22373235755358076,2.154454537505054,0.8029273392577104,-0.006001147922201633,1913.0,False,True,False
HOBBIES_1_028_WI_3_validation,667.0,0.34866701515943543,1.8695651356459304,0.7276529012023001,0.10788706220982136,1913.0,False,False,False
HOBBIES_1_029_CA_1_validation,2813.0,1.4704652378463148,1.0206283282787079,0.3298484056455829,0.11033092919779783,1913.0,True,False,False
HOBBIES_1_029_CA_2_validation,1738.0,0.9085206481965499,1.2847670119178798,0.4960794563512807,0.11723681387201904,1913.0,False,False,False
HOBBIES_1_029_CA_3_validation,2150.0,1.1238891792995296,1.1656761737484778,0.42864610559330896,0.20588926026203103,1913.0,False,False,True
HOBBIES_1_029_CA_4_validation,2066.0,1.0799790904338735,1.073254564679763,0.3910088865656038,0.08094185658942867,1913.0,False,False,False
HOBBIES_1_029_TX_1_validation,1584.0,0.8280188186095139,1.321822806921241,0.5065342394145321,0.15747903295214516,1913.0,False,False,False
HOBBIES_1_029_TX_2_validation,3163.0,1.6534239414532148,0.9469553599573174,0.2864610559330894,0.16348167812856249,1913.0,True,False,False
HOBBIES_1_029_TX_3_validation,2698.0,1.410350235232619,1.182380635597623,0.3847360167276529,0.27410790509933547,1913.0,True,False,True
HOBBIES_1_029_WI_1_validation,656.0,0.34291688447464713,1.9705428375043468,0.7449032932566649,0.07921574836964843,1913.0,False,True,False
HOBBIES_1_029_WI_2_validation,646.0,0.3600891861761427,1.8842016256977103,0.7263099219620959,0.10026987898808841,1794.0,False,False,False
HOBBIES_1_029_WI_3_validation,643.0,0.3361212754835337,2.0330831750307246,0.7574490329325666,0.07417236985037416,1913.0,False,True,False
HOBBIES_1_032_CA_1_validation,10642.0,5.56299006795609,1.5423804206868592,0.36330371144798745,0.10474746494541165,1913.0,True,False,False
HOBBIES_1_032_CA_2_validation,7934.0,4.147412441191845,1.6203959165586335,0.40825927861996864,0.16872032089702704,1913.0,True,False,False
HOBBIES_1_032_CA_3_validation,6591.0,3.445373758494511,1.9955692085735968,0.46314688970203866,0.15213317936665482,1913.0,True,False,False
HOBBIES_1_032_CA_4_validation,8519.0,4.45321484579195,1.3018666348810801,0.2744380554103502,0.122579375675639,1913.0,True,False,False
HOBBIES_1_032_TX_1_validation,2758.0,1.4417145844223733,2.470292137371533,0.6466283324621014,0.06125888242671265,1913.0,False,False,False
HOBBIES_1_032_TX_2_validation,4712.0,2.4631468897020388,1.9877326668790145,0.5086251960271825,0.09752932751380354,1913.0,False,False,False
HOBBIES_1_032_TX_3_validation,1820.0,0.9513852587558809,2.868143863637824,0.7124934657605855,0.041867220061368914,1913.0,False,False,False
HOBBIES_1_032_WI_1_validation,10357.0,5.414009409304757,1.312066757983518,0.2739153162571877,0.16561500676313612,1913.0,True,False,False
HOBBIES_1_032_WI_2_validation,6377.0,3.333507579717721,2.5202091480657596,0.46523784631468895,0.014967680616459277,1913.0,False,False,False
HOBBIES_1_032_WI_3_validation,3763.0,1.967067433350758,2.443458998944866,0.552012545739676,0.05659566673760317,1913.0,False,False,False
HOBBIES_1_036_CA_1_validation,1228.0,0.6419236800836383,1.81020198641631,0.6429691583899634,0.03362849870701895,1913.0,False,False,False
HOBBIES_1_036_CA_2_validation,938.0,0.4903293256664924,1.9744484747949873,0.7041296393099843,0.004630176583772082,1913.0,False,False,False
HOBBIES_1_036_CA_3_validation,1830.0,0.9566126502875065,1.3881135816769992,0.5002613695765813,0.06292671323599675,1913.0,False,False,False
HOBBIES_1_036_CA_4_validation,452.0,0.2579908675799087,2.6740914084205283,0.8281963470319634,0.013425784703527673,1752.0,False,True,False
HOBBIES_1_036_TX_1_validation,918.0,0.47987454260324097,2.180530933056877,0.7354939884997387,0.005653557368235064,1913.0,False,False,False
HOBBIES_1_036_TX_2_validation,1161.0,0.6069001568217459,1.7684216081531672,0.6476738107684266,0.025545013079856165,1913.0,False,False,False
HOBBIES_1_036_TX_3_validation,953.0,0.498170412963931,1.9884869123500732,0.7067433350757972,0.015278680781598322,1913.0,False,False,False
HOBBIES_1_036_WI_1_validation,987.0,0.5159435441714585,1.8867078352276305,0.6968112911657083,0.013529491353786892,1913.0,False,False,False
HOBBIES_1_036_WI_2_validation,407.0,0.21275483533716674,3.0220559134211107,0.8567694720334553,0.04178582130706229,1913.0,False,True,False
HOBBIES_1_036_WI_3_validation,1641.0,0.8578149503397805,1.6859932445849892,0.5896497647673811,0.00827102638910909,1913.0,False,False,False
HOBBIES_1_038_CA_1_validation,756.0,0.3951907997909043,1.6844237972433223,0.69106116048092,0.04998712292686685,1913.0,False,False,False
HOBBIES_1_038_CA_2_validation,572.0,0.2990067956089911,1.9752748441711043,0.7564035546262415,0.018928181426485523,1913.0,False,True,False
HOBBIES_1_038_CA_3_validation,772.0,0.4035546262415055,1.6252119877252564,0.6753789858860428,0.0320816411960943,1913.0,False,False,False
HOBBIES_1_038_CA_4_validation,363.0,0.1897543125980136,2.493714587461379,0.8353371667537899,0.03201533994375363,1913.0,False,True,False
HOBBIES_1_038_TX_1_validation,390.0,0.20386826973340302,2.250529489721946,0.818086774699425,0.04438486998694351,1913.0,False,True,False
HOBBIES_1_038_TX_2_validation,885.0,0.4626241505488761,1.5487812446798441,0.6466283324621014,0.06877594225513697,1913.0,False,False,False
HOBBIES_1_038_TX_3_validation,507.0,0.26502875065342396,1.9764680697851318,0.7715629900679561,-0.024513062947382126,1913.0,False,True,False
HOBBIES_1_038_WI_1_validation,491.0,0.2566649242028228,2.060901813545478,0.7809722948248824,-0.008830383171464357,1913.0,False,True,False
HOBBIES_1_038_WI_2_validation,504.0,0.26346053319393625,2.0268646223888744,0.778881338212232,-0.02850464048129853,1913.0,False,True,False
HOBBIES_1_038_WI_3_validation,694.0,0.36278097229482487,1.7653600038920634,0.7140616832200731,0.03342545012749976,1913.0,False,False,False
HOBBIES_1_044_CA_1_validation,1821.0,0.9519079979090433,1.2459567096336979,0.4516466283324621,0.12425894757302568,1913.0,False,False,False
HOBBIES_1_044_CA_2_validation,1088.0,0.5687401986408782,1.5755279787049776,0.6194458964976477,0.12962707752832775,1913.0,False,False,False
HOBBIES_1_044_CA_3_validation,1923.0,1.0052273915316257,1.1930371324902231,0.4276006272869838,0.09738585015222212,1913.0,False,False,False
HOBBIES_1_044_CA_4_validation,1135.0,0.5933089388395191,1.6039774012304957,0.6241505488761108,0.04056900394595901,1913.0,False,False,False
HOBBIES_1_044_TX_1_validation,580.0,0.30318870883429166,2.0576591497193517,0.7663355985363304,0.03816484739393031,1913.0,False,True,False
HOBBIES_1_044_TX_2_validation,1218.0,0.6366962885520125,1.5518087309209878,0.5891270256142185,0.20620486898982165,1913.0,False,False,True
HOBBIES_1_044_TX_3_validation,698.0,0.3772972972972973,1.7397252739038032,0.7021621621621622,0.05708265413293718,1850.0,False,False,False
HOBBIES_1_044_WI_1_validation,592.0,0.30946157867224255,2.18826180080203,0.7710402509147936,0.1311860241416924,1913.0,False,True,False
HOBBIES_1_044_WI_2_validation,766.0,0.40041819132253004,1.768947222450716,0.7046523784631469,0.12447800321438024,1913.0,False,False,False
HOBBIES_1_044_WI_3_validation,1352.0,0.7067433350757972,1.515864722049893,0.5776267642446419,0.18230382261512368,1913.0,False,False,False
HOBBIES_1_047_CA_1_validation,2232.0,1.1667537898588605,1.594293228584084,0.5243073706220596,0.06752692408401627,1913.0,False,False,False
HOBBIES_1_047_CA_2_validation,1665.0,0.8703606900156822,1.8471473604087223,0.632514375326712,0.04919727440865647,1913.0,False,False,False
HOBBIES_1_047_CA_3_validation,1938.0,1.0130684788290643,1.6870041035629615,0.5671719811813904,0.08617224532179306,1913.0,False,False,False
HOBBIES_1_047_CA_4_validation,1360.0,0.8900523560209425,1.6379764775726475,0.5405759162303665,0.13345922438473895,1528.0,False,False,False
HOBBIES_1_047_TX_1_validation,1361.0,0.7114479874542603,2.6489318790837433,0.6774699424986932,0.07362852008964356,1913.0,False,False,False
HOBBIES_1_047_TX_2_validation,1072.0,0.560376372190277,2.0180886057252305,0.7015159435441715,0.08621334994046809,1913.0,False,False,False
HOBBIES_1_047_TX_3_validation,1117.0,0.5838996340825928,2.1412389050334864,0.6921066387872452,0.03943189796069795,1913.0,False,False,False
HOBBIES_1_047_WI_1_validation,1764.0,0.9221118661787768,1.4696444128403756,0.534762153685311,0.14065470168745098,1913.0,False,False,False
HOBBIES_1_047_WI_2_validation,850.0,0.4443282801881861,2.238976320300038,0.7344485101934135,0.12285973578100169,1913.0,False,False,False
HOBBIES_1_047_WI_3_validation,1236.0,0.6461055933089388,1.9026434181839202,0.6680606377417668,0.12576401952638336,1913.0,False,False,False
HOBBIES_1_050_CA_1_validation,1789.0,0.9351803450078411,1.1339035477210395,0.4239414532148458,0.1217019604926657,1913.0,False,False,False
HOBBIES_1_050_CA_2_validation,787.0,0.412906610703043,1.5792634194391273,0.6684155299055614,0.05699684696717552,1906.0,False,False,False
HOBBIES_1_050_CA_3_validation,1061.0,0.5713516424340334,1.3219458349869488,0.5659666128163705,0.010754896257046004,1857.0,False,False,False
HOBBIES_1_050_CA_4_validation,894.0,0.46732880292733925,1.4252291693825847,0.6184004181913225,0.00238403828811674,1913.0,False,False,False
HOBBIES_1_050_TX_1_validation,452.0,0.23627809722948248,2.1010495374050873,0.7950862519602718,0.09177121289597921,1913.0,False,True,False
HOBBIES_1_050_TX_2_validation,1015.0,0.5445278969957081,1.3880538759507304,0.5885193133047211,0.053481731679499406,1864.0,False,False,False
HOBBIES_1_050_TX_3_validation,698.0,0.37587506731287024,1.7658277939616067,0.7032848680667744,0.03712051701862348,1857.0,False,False,False
HOBBIES_1_050_WI_1_validation,1017.0,0.5316257187663356,1.38082819425665,0.5906952430737062,0.058068279328774154,1913.0,False,False,False
HOBBIES_1_050_WI_2_validation,394.0,0.2113733905579399,2.116089135122097,0.8036480686695279,-0.04133884290260116,1864.0,False,True,False
HOBBIES_1_050_WI_3_validation,590.0,0.30841610036591743,1.8788763399317172,0.7433350757971772,0.12185007290217001,1913.0,False,True,False
HOBBIES_1_055_CA_1_validation,3203.0,1.6743335075797177,1.040057389999071,0.3293256664924203,0.17027423072406034,1913.0,True,False,False
HOBBIES_1_055_CA_2_validation,1821.0,0.9519079979090433,1.2487331403886963,0.4777835859905907,0.07603422991139916,1913.0,False,False,False
HOBBIES_1_055_CA_3_validation,4054.0,2.1191845269210665,0.8469080217011552,0.22373235755358076,0.21681243543805423,1913.0,True,False,True
HOBBIES_1_055_CA_4_validation,2021.0,1.0564558285415577,1.1487183008265247,0.41871406168322006,0.07437375656783203,1913.0,False,False,False
HOBBIES_1_055_TX_1_validation,1855.0,0.9696811291165708,1.2639723945568704,0.4647151071615264,0.09238581316637014,1913.0,False,False,False
HOBBIES_1_055_TX_2_validation,2726.0,1.424986931521171,1.0395282431104482,0.36696288552012546,0.13019996797515884,1913.0,True,False,False
HOBBIES_1_055_TX_3_validation,2052.0,1.0726607422895975,1.3539493083544485,0.4866701515943544,0.18107375604115086,1913.0,False,False,False
HOBBIES_1_055_WI_1_validation,416.0,0.2747688243064729,2.0747295512843023,0.7787318361955086,0.03644788857992296,1514.0,False,True,False
HOBBIES_1_055_WI_2_validation,1108.0,0.5813221406086044,1.576454337301667,0.6280167890870934,0.017071443820970245,1906.0,False,False,False
HOBBIES_1_055_WI_3_validation,1095.0,0.5723993727130162,1.455007169522648,0.6021955044432828,0.02929051487162996,1913.0,False,False,False
HOBBIES_1_058_CA_1_validation,856.0,0.4474647151071615,1.7233433121237827,0.676424464192368,0.03372394586724831,1913.0,False,False,False
HOBBIES_1_058_CA_2_validation,603.0,0.3284313725490196,1.9581483729639457,0.7489106753812637,0.07721042410341411,1836.0,False,True,False
HOBBIES_1_058_CA_3_validation,604.0,0.3157344485101934,1.9827178133908758,0.7522216414009409,0.05065775951055137,1913.0,False,True,False
HOBBIES_1_058_CA_4_validation,145.0,0.07579717720857292,4.002865213203438,0.9315211709357031,-0.02729148720143655,1913.0,False,True,False
HOBBIES_1_058_TX_1_validation,262.0,0.13695765812859384,2.9688873885703635,0.8818609513852588,0.06128865129633681,1913.0,False,True,False
HOBBIES_1_058_TX_2_validation,917.0,0.4793518034500784,1.668752900389186,0.6638787245164662,0.10248389996043131,1913.0,False,False,False
HOBBIES_1_058_TX_3_validation,241.0,0.12690889942074776,3.028728917385234,0.8888888888888888,0.015822515031521177,1899.0,False,True,False
HOBBIES_1_058_WI_1_validation,505.0,0.2639832723470988,2.4712047095426923,0.8102456874019864,0.15514200078248178,1913.0,False,True,False
HOBBIES_1_058_WI_2_validation,249.0,0.1301620491374804,3.1849206649020183,0.891270256142185,0.1295098207923562,1913.0,False,True,False
HOBBIES_1_058_WI_3_validation,715.0,0.3737584945112389,1.8169410633849172,0.7140616832200731,0.07397712574172288,1913.0,False,False,False
HOBBIES_1_061_CA_1_validation,579.0,0.30266596968112913,2.115353792360646,0.7673810768426556,0.07374337583430866,1913.0,False,True,False
HOBBIES_1_061_CA_2_validation,602.0,0.31468897020386827,2.109474316977,0.7694720334553058,0.029856064534423986,1913.0,False,True,False
HOBBIES_1_061_CA_3_validation,1245.0,0.650810245687402,1.6409817205787323,0.5948771562990068,0.016857648323786494,1913.0,False,False,False
HOBBIES_1_061_CA_4_validation,422.0,0.22059592263460534,2.4857528599274197,0.8238369053842133,-0.006189418265849644,1913.0,False,True,False
HOBBIES_1_061_TX_1_validation,564.0,0.29482488238369053,2.0577446840563325,0.7626764244641924,0.028325368150893423,1913.0,False,True,False
HOBBIES_1_061_TX_2_validation,759.0,0.39675901725039203,1.9698113003736886,0.7187663355985363,0.0426280086357519,1913.0,False,False,False
HOBBIES_1_061_TX_3_validation,696.0,0.36382645060115004,1.8377572600720715,0.7229482488238369,0.012091157935737985,1913.0,False,False,False
HOBBIES_1_061_WI_1_validation,976.0,0.5101934134866701,1.6137352748659317,0.6455828541557763,0.03694541597092989,1913.0,False,False,False
HOBBIES_1_061_WI_2_validation,365.0,0.19079979090433874,2.6623140409442017,0.8416100365917407,-0.01488135982808542,1913.0,False,True,False
HOBBIES_1_061_WI_3_validation,702.0,0.37945945945945947,1.8706194100772957,0.7227027027027026,0.058021797793902645,1850.0,False,False,False
HOBBIES_1_063_CA_1_validation,344.0,0.17982226868792472,2.4991114279049804,0.8416100365917407,0.036552531984580486,1913.0,False,True,False
HOBBIES_1_063_CA_2_validation,331.0,0.1730266596968113,2.5551767830756886,0.851019341348667,0.03500025171510856,1913.0,False,True,False
HOBBIES_1_063_CA_3_validation,613.0,0.32043910088865657,1.8034956117964358,0.7302665969681129,0.07117868912795806,1913.0,False,False,False
HOBBIES_1_063_CA_4_validation,24.0,0.08727272727272728,3.3845012097452756,0.9163636363636364,0.09342286422270916,275.0,False,True,False
HOBBIES_1_063_TX_1_validation,468.0,0.24464192368008364,2.1224755722871964,0.7909043387349712,0.01675774650541026,1913.0,False,True,False
HOBBIES_1_063_TX_2_validation,647.0,0.338212232096184,1.8346692210144606,0.7276529012023001,0.03067208084325739,1913.0,False,False,False
HOBBIES_1_063_TX_3_validation,770.0,0.40250914793518033,1.640895859306656,0.6790381599581808,0.032597139808674895,1913.0,False,False,False
HOBBIES_1_063_WI_1_validation,684.0,0.35755358076319915,1.7250890897770133,0.7088342916884475,0.02178274245867905,1913.0,False,False,False
HOBBIES_1_063_WI_2_validation,402.0,0.21014113957135389,2.2659544518769,0.8175640355462624,-0.00133066341705579,1913.0,False,True,False
HOBBIES_1_063_WI_3_validation,514.0,0.26868792472556197,2.1963957290735947,0.7893361212754836,0.010372464309441715,1913.0,False,True,False
HOBBIES_1_067_CA_1_validation,9926.0,5.188708834291688,1.588336835959999,0.35441714584422374,0.07621226986456478,1913.0,True,False,False
HOBBIES_1_067_CA_2_validation,5933.0,3.101411395713539,2.3473112701129875,0.5295347621536853,0.22069141508805792,1913.0,False,False,True
HOBBIES_1_067_CA_3_validation,10234.0,5.349712493465761,1.8274122527454164,0.3836905384213278,0.04574504544757178,1913.0,True,False,False
HOBBIES_1_067_CA_4_validation,7756.0,4.054364871928907,1.707394702640698,0.37846314688970206,0.06434013061274184,1913.0,True,False,False
HOBBIES_1_067_TX_1_validation,4696.0,2.4547830632514374,2.0882277438190164,0.5645582854155776,0.06327712655348115,1913.0,False,False,False
HOBBIES_1_067_TX_2_validation,4482.0,2.342916884474647,2.8792632801055644,0.5687401986408782,0.1268059945443852,1913.0,False,False,False
HOBBIES_1_067_TX_3_validation,837.0,0.4375326711970727,3.8433959165830465,0.8421327757449033,0.055272077248598006,1913.0,False,False,False
HOBBIES_1_067_WI_1_validation,10541.0,5.51019341348667,1.3663812783499136,0.35755358076319915,0.282906225751978,1913.0,True,False,True
HOBBIES_1_067_WI_2_validation,4694.0,2.453737584945112,1.6081201523104092,0.4370099320439101,0.05845934759029778,1913.0,True,False,False
HOBBIES_1_067_WI_3_validation,6376.0,3.332984840564558,1.821674280280464,0.41035023523261893,0.0425198333438518,1913.0,True,False,False
HOBBIES_1_068_CA_1_validation,1796.0,0.9388395190799791,1.267115166001668,0.4814427600627287,0.06266519943724717,1913.0,False,False,False
HOBBIES_1_068_CA_2_validation,994.0,0.5196027182435965,1.7940591662644205,0.6884474647151072,0.07377759353611374,1913.0,False,False,False
HOBBIES_1_068_CA_3_validation,1695.0,0.8860428646105594,1.2213598230755172,0.47255619445896496,0.12991175725124557,1913.0,False,False,False
HOBBIES_1_068_CA_4_validation,695.0,0.37007454739084134,2.0684029440199745,0.751863684771033,0.005651212537599679,1878.0,False,True,False
HOBBIES_1_068_TX_1_validation,632.0,0.3303711447987454,2.02909535144864,0.7537898588604286,0.10827140425427575,1913.0,False,True,False
HOBBIES_1_068_TX_2_validation,1001.0,0.5232618923157345,1.6207731168187967,0.6455828541557763,0.11552706074540366,1913.0,False,False,False
HOBBIES_1_068_TX_3_validation,1062.0,0.5571878279118573,1.4666954343812237,0.6075550891920252,0.0821145577032148,1906.0,False,False,False
HOBBIES_1_068_WI_1_validation,657.0,0.3434396236278097,2.175510341942385,0.7626764244641924,0.08458791801442574,1913.0,False,True,False
HOBBIES_1_068_WI_2_validation,601.0,0.3141662310507057,2.0044003122859335,0.7652901202300052,0.034503212165982504,1913.0,False,True,False
HOBBIES_1_068_WI_3_validation,615.0,0.3214845791949817,2.0361695471392833,0.7600627286983795,0.08551374673151749,1913.0,False,True,False
HOBBIES_1_075_CA_1_validation,1117.0,0.5838996340825928,1.564115438340593,0.6189231573444851,0.06454069947735983,1913.0,False,False,False
HOBBIES_1_075_CA_2_validation,660.0,0.34500784108729743,1.939718688884041,0.7433350757971772,0.05588787509872471,1913.0,False,True,False
HOBBIES_1_075_CA_3_validation,885.0,0.4626241505488761,1.636248768690086,0.6607422895974908,0.043272482732337476,1913.0,False,False,False
HOBBIES_1_075_CA_4_validation,823.0,0.43021432305279667,1.8034176989939537,0.702038682697334,0.03179422472334457,1913.0,False,False,False
HOBBIES_1_075_TX_1_validation,480.0,0.2509147935180345,2.344308180665777,0.8018818609513853,0.03772232987604757,1913.0,False,True,False
HOBBIES_1_075_TX_2_validation,702.0,0.36696288552012546,1.8322692662824303,0.7245164662833247,0.06763227047551261,1913.0,False,False,False
HOBBIES_1_075_TX_3_validation,473.0,0.2472556194458965,2.149443844221507,0.7966544694197596,0.05606066466686604,1913.0,False,True,False
HOBBIES_1_075_WI_1_validation,754.0,0.40299305184393375,1.7613274610638603,0.6996258685195083,0.118993926057384,1871.0,False,False,False
HOBBIES_1_075_WI_2_validation,392.0,0.20873269435569755,2.2828232044036962,0.8194888178913738,0.053062139435957785,1878.0,False,True,False
HOBBIES_1_075_WI_3_validation,645.0,0.3371667537898589,1.9274803390442943,0.7469942498693152,0.07780571782900486,1913.0,False,True,False
HOBBIES_1_076_CA_1_validation,1130.0,0.5906952430737062,1.823575321106137,0.669106116048092,0.049535334698681426,1913.0,False,False,False
HOBBIES_1_076_CA_2_validation,724.0,0.4083474337281444,2.2322600834409263,0.76029328821207,0.08878429407237172,1773.0,False,True,False
HOBBIES_1_076_CA_3_validation,1723.0,0.9006795608991114,1.5054155219345629,0.5446941975953999,0.061213364552978766,1913.0,False,False,False
HOBBIES_1_076_CA_4_validation,417.0,0.21798222686879248,2.877220678635116,0.854678515420805,-0.004191083852946193,1913.0,False,True,False
HOBBIES_1_076_TX_1_validation,1192.0,0.6231050705697857,1.6735898764728092,0.6346053319393623,0.09924348548289655,1913.0,False,False,False
HOBBIES_1_076_TX_2_validation,1752.0,0.9158389963408259,1.5452726939919774,0.549398849973863,0.1748533557019629,1913.0,False,False,False
HOBBIES_1_076_TX_3_validation,1786.0,0.9336121275483533,1.4800276766396638,0.5514898065865134,0.10350035585544168,1913.0,False,False,False
HOBBIES_1_076_WI_1_validation,433.0,0.22634605331939361,2.7540717151391405,0.8463146889702039,0.09927368893882914,1913.0,False,True,False
HOBBIES_1_076_WI_2_validation,547.0,0.2869884575026233,2.291691998627561,0.7985309548793285,0.073929350107918,1906.0,False,True,False
HOBBIES_1_076_WI_3_validation,657.0,0.3434396236278097,2.217899895796404,0.7684265551489806,0.07800412377201278,1913.0,False,True,False
HOBBIES_1_078_CA_1_validation,3728.0,1.948771562990068,1.0494412160660112,0.3120752744380554,0.2257516939589956,1913.0,True,False,True
HOBBIES_1_078_CA_2_validation,1188.0,0.6210141139571353,1.6860660880368288,0.6461055933089388,0.3403283361591531,1913.0,False,False,True
HOBBIES_1_078_CA_3_validation,2519.0,1.3216159496327387,1.399800104718082,0.4003147953830011,0.14480798114431528,1906.0,True,False,False
HOBBIES_1_078_CA_4_validation,1883.0,0.9843178254051228,1.17544084742498,0.4411918452692107,0.15978688816992476,1913.0,False,False,False
HOBBIES_1_078_TX_1_validation,1360.0,0.7109252483010977,1.4267567501214544,0.5572399372713016,0.13000516941220697,1913.0,False,False,False
HOBBIES_1_078_TX_2_validation,2158.0,1.12807109252483,1.2176714796680028,0.42132775744903295,0.2261827417097091,1913.0,False,False,True
HOBBIES_1_078_TX_3_validation,1155.0,0.6059811122770199,1.5033910737113,0.5975865687303253,0.16458874202370358,1906.0,False,False,False
HOBBIES_1_078_WI_1_validation,1863.0,0.9738630423418714,1.2489673653411075,0.47203345530580243,0.24171645233026945,1913.0,False,False,True
HOBBIES_1_078_WI_2_validation,1077.0,0.5692389006342494,1.4271010492310099,0.5993657505285412,0.09219699748936917,1892.0,False,False,False
HOBBIES_1_078_WI_3_validation,1061.0,0.5566631689401889,1.7298248758028827,0.6437565582371458,0.2133282456949059,1906.0,False,False,True
HOBBIES_1_079_CA_1_validation,2013.0,1.0522739153162572,1.2718711662541202,0.4354417145844224,0.0344660982708301,1913.0,False,False,False
HOBBIES_1_079_CA_2_validation,949.0,0.49973670352817273,1.5099871237692257,0.6266456029489205,0.09638377164623034,1899.0,False,False,False
HOBBIES_1_079_CA_3_validation,1065.0,0.556717198118139,1.4720419816512456,0.6032409827496079,0.11545726493332532,1913.0,False,False,False
HOBBIES_1_079_CA_4_validation,1123.0,0.5870360690015682,1.335827353945739,0.5661265028750654,0.06704657056123293,1913.0,False,False,False
HOBBIES_1_079_TX_1_validation,506.0,0.2654774396642183,2.05623267001022,0.7785939139559287,0.08215936504147976,1906.0,False,True,False
HOBBIES_1_079_TX_2_validation,979.0,0.5117616309461579,1.4981960998473214,0.6241505488761108,0.020256209494629113,1913.0,False,False,False
HOBBIES_1_079_TX_3_validation,469.0,0.2451646628332462,2.1475505729510784,0.7966544694197596,0.05266443163746553,1913.0,False,True,False
HOBBIES_1_079_WI_1_validation,1773.0,0.9268165185572399,1.1646513568616659,0.4453737584945112,0.08001432232460479,1913.0,False,False,False
HOBBIES_1_079_WI_2_validation,1109.0,0.5797177208572922,1.3745655840786912,0.5781495033978045,0.007132998702022381,1913.0,False,False,False
HOBBIES_1_079_WI_3_validation,623.0,0.3256664924202823,1.8340455439690078,0.7334030318870883,0.032819954978993024,1913.0,False,False,False
HOBBIES_1_080_CA_1_validation,6567.0,3.4328280188186096,1.9471668144961325,0.46889702038682696,0.11445665397696266,1913.0,False,False,False
HOBBIES_1_080_CA_2_validation,4428.0,2.314688970203868,2.0553688294156958,0.5290120230005227,0.11355155147157939,1913.0,False,False,False
HOBBIES_1_080_CA_3_validation,2787.0,1.4622245540398742,2.0153747488799967,0.5818467995802729,0.14672457004340625,1906.0,False,False,False
HOBBIES_1_080_CA_4_validation,6553.0,3.4255096706743333,1.5274935723640588,0.3716675378985886,0.12628911094748438,1913.0,True,False,False
HOBBIES_1_080_TX_1_validation,1462.0,0.7642446419236801,3.3858990269520004,0.7673810768426556,0.02532322024164148,1913.0,False,False,False
HOBBIES_1_080_TX_2_validation,3600.0,1.9027484143763214,2.8673531406743913,0.5993657505285412,0.020701496473415997,1892.0,False,False,False
HOBBIES_1_080_TX_3_validation,1039.0,0.5431259801359122,5.785507092128728,0.8227914270778881,0.06287993977037885,1913.0,False,False,False
HOBBIES_1_080_WI_1_validation,6411.0,3.3512807109252485,1.5082018951424112,0.3220073183481443,0.11543444420094609,1913.0,True,False,False
HOBBIES_1_080_WI_2_validation,3509.0,1.8342916884474647,2.2909606479424283,0.549398849973863,0.08061492553342937,1913.0,False,False,False
HOBBIES_1_080_WI_3_validation,1709.0,0.8933612127548354,2.163750364289155,0.6576058546785154,0.07725843457089118,1913.0,False,False,False
HOBBIES_1_082_CA_1_validation,264.0,0.138003136434919,3.02662594525416,0.8860428646105594,-0.006883283791561882,1913.0,False,True,False
HOBBIES_1_082_CA_2_validation,245.0,0.12807109252483012,3.1115155555731966,0.8928384736016728,0.04609306156720892,1913.0,False,True,False
HOBBIES_1_082_CA_3_validation,515.0,0.2692106638787245,2.0745159514638356,0.7794040773653946,0.03111196468742065,1913.0,False,True,False
HOBBIES_1_082_CA_4_validation,100.0,0.052273915316257184,4.5206507103721565,0.9508625196027183,-0.02968304710926076,1913.0,False,True,False
HOBBIES_1_082_TX_1_validation,321.0,0.16779926816518556,2.674689030919027,0.8588604286461056,0.021533857252863074,1913.0,False,True,False
HOBBIES_1_082_TX_2_validation,384.0,0.2007318348144276,2.4192962789236874,0.8301097752221641,0.0438286328303652,1913.0,False,True,False
HOBBIES_1_082_TX_3_validation,462.0,0.2415054887611082,2.1809254661630324,0.7987454260324098,0.02076195228499845,1913.0,False,True,False
HOBBIES_1_082_WI_1_validation,189.0,0.09879769994772608,3.51303008186066,0.9127025614218505,0.04506196537515912,1913.0,False,True,False
HOBBIES_1_082_WI_2_validation,145.0,0.07663847780126849,3.6489926003899313,0.927061310782241,0.04017764467735019,1892.0,False,True,False
HOBBIES_1_082_WI_3_validation,210.0,0.1109936575052854,3.1331481066565985,0.8985200845665962,0.025047283254993266,1892.0,False,True,False
HOBBIES_1_084_CA_1_validation,1656.0,0.865656037637219,1.2353295003734208,0.48980658651332987,0.19319431320818733,1913.0,False,False,True
HOBBIES_1_084_CA_2_validation,955.0,0.4992158912702561,1.6783563286235685,0.669106116048092,0.17212688670496892,1913.0,False,False,False
HOBBIES_1_084_CA_3_validation,1555.0,0.8158447009443861,1.3986289161523773,0.5482686253934942,0.21402379254994502,1906.0,False,False,True
HOBBIES_1_084_CA_4_validation,1501.0,0.7846314688970204,1.3443162681585514,0.5258755880815473,0.2795480746606092,1913.0,False,False,True
HOBBIES_1_084_TX_1_validation,926.0,0.48405645582854157,1.629635213986683,0.6560376372190277,0.20278339714560017,1913.0,False,False,True
HOBBIES_1_084_TX_2_validation,1145.0,0.5985363303711448,1.4345813387660642,0.5948771562990068,0.1753860498834975,1913.0,False,False,False
HOBBIES_1_084_TX_3_validation,1091.0,0.5703084161003659,1.4781653194553188,0.6095138525875589,0.12673043758373934,1913.0,False,False,False
HOBBIES_1_084_WI_1_validation,1263.0,0.6602195504443282,1.3686392099807994,0.5624673288029274,0.15800901067873302,1913.0,False,False,False
HOBBIES_1_084_WI_2_validation,817.0,0.42707788813382125,1.6365918861285251,0.6795608991113434,0.08126973524269922,1913.0,False,False,False
HOBBIES_1_084_WI_3_validation,1224.0,0.639832723470988,1.5125807773669158,0.6016727652901203,0.18873208107611045,1913.0,False,False,False
HOBBIES_1_086_CA_1_validation,2031.0,1.0616832200731834,1.1313970003906721,0.41610036591740723,0.11496808296010232,1913.0,False,False,False
HOBBIES_1_086_CA_2_validation,1248.0,0.6523784631468897,1.4247521991028462,0.578672242550967,0.12710536012359575,1913.0,False,False,False
HOBBIES_1_086_CA_3_validation,1817.0,0.9498170412963931,1.2246997405878914,0.47464715107161526,0.18394853718539275,1913.0,False,False,False
HOBBIES_1_086_CA_4_validation,1648.0,0.8614741244119185,1.1511351388144233,0.4500784108729744,0.0526815877748828,1913.0,False,False,False
HOBBIES_1_086_TX_1_validation,1191.0,0.6225823314166231,1.364334358946439,0.5682174594877156,0.07324785985121639,1913.0,False,False,False
HOBBIES_1_086_TX_2_validation,1501.0,0.7846314688970204,1.2246040134215794,0.498170412963931,0.10054982865369405,1913.0,False,False,False
HOBBIES_1_086_TX_3_validation,938.0,0.4903293256664924,1.5099534508617425,0.6314688970203868,0.06498802770891055,1913.0,False,False,False
HOBBIES_1_086_WI_1_validation,725.0,0.3789858860428646,1.7408288214231291,0.7025614218504966,0.0791594573155218,1913.0,False,False,False
HOBBIES_1_086_WI_2_validation,388.0,0.20282279142707788,2.453068835682633,0.8348144276006273,0.08979750943153161,1913.0,False,True,False
HOBBIES_1_086_WI_3_validation,777.0,0.40616832200731834,1.6716228828600315,0.6832200731834814,0.06324898341840472,1913.0,False,False,False
HOBBIES_1_088_CA_1_validation,860.0,0.4495556717198118,2.153112353227647,0.7490852064819655,0.05838540724882582,1913.0,False,False,False
HOBBIES_1_088_CA_2_validation,628.0,0.3282801881860951,2.265799013470209,0.7757449032932566,-0.003183029538935742,1913.0,False,True,False
HOBBIES_1_088_CA_3_validation,898.0,0.46941975953998955,2.0313145183093613,0.7004704652378463,0.061913320052961476,1913.0,False,False,False
HOBBIES_1_088_CA_4_validation,666.0,0.34814427600627285,2.302077882400316,0.7726084683742812,0.03287459657183324,1913.0,False,True,False
HOBBIES_1_088_TX_1_validation,240.0,0.12684989429175475,3.427963400446212,0.9001057082452432,0.026802297270357083,1892.0,False,True,False
HOBBIES_1_088_TX_2_validation,391.0,0.2043910088865656,2.788490248641875,0.840041819132253,0.005852451210842589,1913.0,False,True,False
HOBBIES_1_088_TX_3_validation,556.0,0.29064296915838994,2.448635759049255,0.796131730266597,-0.011265111716445043,1913.0,False,True,False
HOBBIES_1_088_WI_1_validation,1015.0,0.5305802404600104,2.23073330784028,0.7245164662833247,0.026343976135850915,1913.0,False,False,False
HOBBIES_1_088_WI_2_validation,268.0,0.14060860440713535,3.152537973655969,0.8882476390346274,0.030279694258804654,1906.0,False,True,False
HOBBIES_1_088_WI_3_validation,651.0,0.3403031887088343,2.6623523164481813,0.8154730789336121,0.08824697289880959,1913.0,False,True,False
HOBBIES_1_089_CA_1_validation,3079.0,1.6095138525875587,0.992929341336467,0.276006272869838,0.2644700391969973,1913.0,True,False,True
HOBBIES_1_089_CA_2_validation,1768.0,0.9629629629629629,1.1730532999260415,0.4286492374727669,0.16008890236475667,1836.0,False,False,False
HOBBIES_1_089_CA_3_validation,1738.0,0.9612831858407079,1.1570083631751815,0.4430309734513274,0.12602213879359442,1808.0,False,False,False
HOBBIES_1_089_CA_4_validation,2061.0,1.1399336283185841,0.9861683726887808,0.35564159292035397,0.09478568968694073,1808.0,False,False,False
HOBBIES_1_089_TX_1_validation,1235.0,0.6804407713498623,1.3214633107376526,0.5377410468319559,0.16043936566531472,1815.0,False,False,False
HOBBIES_1_089_TX_2_validation,1959.0,1.0431309904153354,1.150941626463127,0.4132055378061768,0.13017213732096966,1878.0,False,False,False
HOBBIES_1_089_TX_3_validation,732.0,0.433392539964476,1.6380796925134715,0.670219064535228,0.08793310371239871,1689.0,False,False,False
HOBBIES_1_089_WI_1_validation,3137.0,1.639832723470988,0.891123589437932,0.24830109775222164,0.23033935954896,1913.0,True,False,True
HOBBIES_1_089_WI_2_validation,2106.0,1.1008886565603764,1.0701004250881445,0.38212232096184007,0.11871571649000785,1913.0,False,False,False
HOBBIES_1_089_WI_3_validation,1873.0,0.9790904338734971,1.2340305075928713,0.4558285415577627,0.23287325180315277,1913.0,False,False,True
HOBBIES_1_092_CA_1_validation,437.0,0.2284370099320439,2.186892988478021,0.8044955567171981,0.001038314955341177,1913.0,False,True,False
HOBBIES_1_092_CA_2_validation,448.0,0.23504721930745015,2.1460181220804153,0.7990556138509969,0.022261172498944885,1906.0,False,True,False
HOBBIES_1_092_CA_3_validation,869.0,0.45426032409827494,1.5404466060731672,0.6466283324621014,0.044974830369429696,1913.0,False,False,False
HOBBIES_1_092_CA_4_validation,225.0,0.1284246575342466,2.847169660304873,0.8818493150684932,0.006488150023345783,1752.0,False,True,False
HOBBIES_1_092_TX_1_validation,710.0,0.37114479874542605,1.747721563765545,0.7067433350757972,0.02837513290914811,1913.0,False,False,False
HOBBIES_1_092_TX_2_validation,829.0,0.4333507579717721,1.6636254356447469,0.6748562467328802,0.03245930608403173,1913.0,False,False,False
HOBBIES_1_092_TX_3_validation,891.0,0.46576058546785154,1.5650987339206563,0.6487192890747517,0.018511188098801465,1913.0,False,False,False
HOBBIES_1_092_WI_1_validation,941.0,0.49189754312598016,1.5023029758885595,0.6278097229482488,0.030204762758377444,1913.0,False,False,False
HOBBIES_1_092_WI_2_validation,607.0,0.31730266596968115,1.9452099984519393,0.7511761630946158,-0.011132919712538158,1913.0,False,True,False
HOBBIES_1_092_WI_3_validation,782.0,0.4087820177731312,1.691672706830637,0.6847882906429692,0.02751480799503067,1913.0,False,False,False
HOBBIES_1_097_CA_1_validation,1083.0,0.5661265028750654,1.3590759308893172,0.575013068478829,0.10007458712600327,1913.0,False,False,False
HOBBIES_1_097_CA_2_validation,968.0,0.5078698845750262,1.486932726007449,0.6196222455403987,0.050957721622314094,1906.0,False,False,False
HOBBIES_1_097_CA_3_validation,1532.0,0.8008363826450601,1.2665651672783529,0.5065342394145321,0.13298918701648976,1913.0,False,False,False
HOBBIES_1_097_CA_4_validation,1089.0,0.5692629377940408,1.3451168936876035,0.5708311552535285,0.00044381769784634386,1913.0,False,False,False
HOBBIES_1_097_TX_1_validation,680.0,0.35546262415054886,1.785615515384373,0.7166753789858861,0.03264971672764264,1913.0,False,False,False
HOBBIES_1_097_TX_2_validation,937.0,0.48980658651332987,1.5429538663188727,0.6424464192368008,0.08059623116631999,1913.0,False,False,False
HOBBIES_1_097_TX_3_validation,1088.0,0.6017699115044248,1.3683812763999175,0.5674778761061947,0.12929341350679985,1808.0,False,False,False
HOBBIES_1_097_WI_1_validation,1722.0,0.9001568217459488,1.1097345107034322,0.4317825405122844,0.0550307887894872,1913.0,False,False,False
HOBBIES_1_097_WI_2_validation,1524.0,0.7966544694197596,1.1575314140214361,0.4605331939362258,0.07764295606096457,1913.0,False,False,False
HOBBIES_1_097_WI_3_validation,886.0,0.46314688970203866,1.6119255417445453,0.658128593831678,0.12435269984073352,1913.0,False,False,False
HOBBIES_1_098_CA_1_validation,866.0,0.45269210663878723,1.6770181037093854,0.6795608991113434,0.20102462467272533,1913.0,False,False,True
HOBBIES_1_098_CA_2_validation,708.0,0.3700993204391009,1.9165425274880414,0.7323575535807632,0.18093949775793727,1913.0,False,False,False
HOBBIES_1_098_CA_3_validation,2325.0,1.2153685311029796,1.1783148217785688,0.4516466283324621,0.3726224156782106,1913.0,False,False,True
HOBBIES_1_098_CA_4_validation,470.0,0.2456874019864088,2.152077760998879,0.7971772085729221,0.11532607802147547,1913.0,False,True,False
HOBBIES_1_098_TX_1_validation,1287.0,0.67276529012023,1.475929314933836,0.5943544171458442,0.29424363533762204,1913.0,False,False,True
HOBBIES_1_098_TX_2_validation,1882.0,0.9837950862519603,1.2952305355454543,0.5159435441714585,0.3616327591278491,1913.0,False,False,True
HOBBIES_1_098_TX_3_validation,1860.0,0.9722948248823837,1.289063128901015,0.5101934134866701,0.35184222447946867,1913.0,False,False,True
HOBBIES_1_098_WI_1_validation,229.0,0.11970726607422896,3.1251299303282383,0.8964976476738108,0.08577993849925161,1913.0,False,True,False
HOBBIES_1_098_WI_2_validation,425.0,0.22216414009409305,2.261345201069467,0.8149503397804495,0.10730509341989132,1913.0,False,True,False
HOBBIES_1_098_WI_3_validation,667.0,0.34866701515943543,1.924000856492119,0.7381076842655515,0.15035866126430347,1913.0,False,True,False
HOBBIES_1_099_CA_1_validation,1847.0,0.9654992158912703,1.4290199572609852,0.5614218504966022,0.44591689569253046,1913.0,False,False,True
HOBBIES_1_099_CA_2_validation,1210.0,0.632514375326712,1.5829162013813236,0.6293779404077365,0.3533581891749417,1913.0,False,False,True
HOBBIES_1_099_CA_3_validation,2237.0,1.1693674856246732,1.3761221478063939,0.5300575013068479,0.4304991266597665,1913.0,False,False,True
HOBBIES_1_099_CA_4_validation,1113.0,0.5818086774699425,1.5472632708633782,0.6309461578672243,0.31677750301033974,1913.0,False,False,True
HOBBIES_1_099_TX_1_validation,1868.0,0.9764767381076843,1.3543268441000118,0.5436487192890748,0.38052828927097737,1913.0,False,False,True
HOBBIES_1_099_TX_2_validation,2230.0,1.1657083115525353,1.2754254603705226,0.5096706743335075,0.4512404266307937,1913.0,False,False,True
HOBBIES_1_099_TX_3_validation,1495.0,0.781495033978045,1.4066897382509174,0.5661265028750654,0.34733550878657177,1913.0,False,False,True
HOBBIES_1_099_WI_1_validation,1007.0,0.5263983272347099,1.6525832545788763,0.6570831155253528,0.29325772008001816,1913.0,False,False,True
HOBBIES_1_099_WI_2_validation,731.0,0.38212232096184007,1.8941557008344556,0.7297438578149503,0.2504931209793313,1913.0,False,False,True
HOBBIES_1_099_WI_3_validation,1401.0,0.7323575535807632,1.4723104859060745,0.5901725039205437,0.3660394696769221,1913.0,False,False,True
HOBBIES_1_100_CA_1_validation,1362.0,0.7119707266074229,1.300933251365564,0.5263983272347099,0.11174438092264653,1913.0,False,False,False
HOBBIES_1_100_CA_2_validation,732.0,0.3826450601150026,1.7238382112502166,0.698379508625196,0.08578598482820268,1913.0,False,False,False
HOBBIES_1_100_CA_3_validation,1312.0,0.6858337689492943,1.39421908004987,0.556717198118139,0.11290022289049902,1913.0,False,False,False
HOBBIES_1_100_CA_4_validation,1016.0,0.531102979613173,1.3441440562812401,0.5854678515420805,0.09646393515729997,1913.0,False,False,False
HOBBIES_1_100_TX_1_validation,322.0,0.16832200731834815,2.467406397984056,0.8463146889702039,0.024670929971783606,1913.0,False,True,False
HOBBIES_1_100_TX_2_validation,577.0,0.30162049137480396,1.8985273301080474,0.7490852064819655,0.07383837590898293,1913.0,False,True,False
HOBBIES_1_100_TX_3_validation,660.0,0.3462749213011542,1.842513869441302,0.729800629590766,0.050850538109965156,1906.0,False,False,False
HOBBIES_1_100_WI_1_validation,757.0,0.3957135389440669,1.5800277837219556,0.6701515943544172,0.05664004334556755,1913.0,False,False,False
HOBBIES_1_100_WI_2_validation,473.0,0.2472556194458965,1.9708828609348816,0.7773131207527444,0.07970255987476202,1913.0,False,True,False
HOBBIES_1_100_WI_3_validation,381.0,0.19989506820566633,2.4923413641593024,0.8336831059811123,0.1071589710591076,1906.0,False,True,False
HOBBIES_1_103_CA_1_validation,7941.0,4.151071615263984,1.256956163605669,0.23889179299529534,0.09752615535113374,1913.0,True,False,False
HOBBIES_1_103_CA_2_validation,7300.0,3.815995818086775,1.5088365748994024,0.35441714584422374,0.19075024051957068,1913.0,True,False,True
HOBBIES_1_103_CA_3_validation,13554.0,7.085206481965499,1.2534299159349076,0.22216414009409305,0.06539217681241802,1913.0,True,False,False
HOBBIES_1_103_CA_4_validation,8463.0,4.423941453214846,1.0346601716937793,0.13852587558808155,0.06366381377176043,1913.0,True,False,False
HOBBIES_1_103_TX_1_validation,4591.0,2.3998954521693676,1.6930398495051702,0.43073706220595925,0.0789138303227156,1913.0,True,False,False
HOBBIES_1_103_TX_2_validation,7433.0,3.8855201254573966,1.380170296239344,0.2922111866178777,0.03848799755754481,1913.0,True,False,False
HOBBIES_1_103_TX_3_validation,7380.0,3.8578149503397805,1.5988629554117493,0.2639832723470988,0.025976346813806624,1913.0,True,False,False
HOBBIES_1_103_WI_1_validation,4264.0,2.2289597490852064,1.3489551548679648,0.341871406168322,0.07871990104646887,1913.0,True,False,False
HOBBIES_1_103_WI_2_validation,3583.0,1.872974385781495,1.9050375103110477,0.5101934134866701,0.053508853297249956,1913.0,False,False,False
HOBBIES_1_103_WI_3_validation,6510.0,3.4030318870883427,1.4004779137939323,0.29952953476215366,0.025529571737577007,1913.0,True,False,False
HOBBIES_1_105_CA_1_validation,1604.0,0.8384736016727653,1.2952346142181173,0.4955567171981181,0.12786919393235316,1913.0,False,False,False
HOBBIES_1_105_CA_2_validation,1229.0,0.6424464192368008,1.4562078007247499,0.578672242550967,0.07338879314655114,1913.0,False,False,False
HOBBIES_1_105_CA_3_validation,2466.0,1.2890747516989023,1.062853125189403,0.35703084161003656,0.12152688396215254,1913.0,True,False,False
HOBBIES_1_105_CA_4_validation,893.0,0.46680606377417666,1.569362742998111,0.6419236800836383,0.03905820914389499,1913.0,False,False,False
HOBBIES_1_105_TX_1_validation,1133.0,0.5922634605331939,1.418738815816175,0.5797177208572922,0.05926113630197588,1913.0,False,False,False
HOBBIES_1_105_TX_2_validation,1583.0,0.8274960794563513,1.2770166134267165,0.4913748039728176,0.09151538340841778,1913.0,False,False,False
HOBBIES_1_105_TX_3_validation,1488.0,0.777835859905907,1.290510806840309,0.5138525875588081,0.06167104634503297,1913.0,False,False,False
HOBBIES_1_105_WI_1_validation,596.0,0.31155253528489285,1.8370503726062812,0.7381076842655515,0.02545676640867785,1913.0,False,True,False
HOBBIES_1_105_WI_2_validation,750.0,0.3949447077409163,1.775990131832579,0.7072143233280674,0.0919016620189043,1899.0,False,False,False
HOBBIES_1_105_WI_3_validation,687.0,0.363107822410148,1.8063811846373203,0.71723044397463,0.05349878743273398,1892.0,False,False,False
HOBBIES_1_106_CA_1_validation,531.0,0.2775744903293257,2.4656729682434757,0.8102456874019864,0.150579010642018,1913.0,False,True,False
HOBBIES_1_106_CA_2_validation,458.0,0.23941453214845793,2.513435902181901,0.829064296915839,0.1371085165818674,1913.0,False,True,False
HOBBIES_1_106_CA_3_validation,644.0,0.3378803777544596,2.118871133816463,0.7654774396642182,0.2171986174131547,1906.0,False,True,True
HOBBIES_1_106_CA_4_validation,260.0,0.1359121798222687,3.177800329086797,0.8928384736016728,0.1562234879643394,1913.0,False,True,False
HOBBIES_1_106_TX_1_validation,467.0,0.24411918452692108,2.4048923842936847,0.8175640355462624,0.17752729288700242,1913.0,False,True,False
HOBBIES_1_106_TX_2_validation,178.0,0.0937335439705108,3.659453419206293,0.9199578725645077,0.071388628070562,1899.0,False,True,False
HOBBIES_1_106_TX_3_validation,397.0,0.20752744380554103,2.56699520937137,0.8384736016727653,0.16056081465376254,1913.0,False,True,False
HOBBIES_1_106_WI_1_validation,559.0,0.2922111866178777,2.275912484791585,0.7940407736539467,0.21110013590891674,1913.0,False,True,True
HOBBIES_1_106_WI_2_validation,233.0,0.12179822268687925,3.330496398203645,0.9006795608991114,0.1400333484673081,1913.0,False,True,False
HOBBIES_1_106_WI_3_validation,299.0,0.15629900679560899,2.868244403662568,0.8703606900156822,0.14651732074696633,1913.0,False,True,False
HOBBIES_1_108_CA_1_validation,2077.0,1.0857292211186618,1.1866807945544648,0.41191845269210664,0.17172953503523117,1913.0,False,False,False
HOBBIES_1_108_CA_2_validation,1443.0,0.7543125980135912,1.3782412012704912,0.5342394145321484,0.14778634946396585,1913.0,False,False,False
HOBBIES_1_108_CA_3_validation,1335.0,0.6978567694720335,1.3970449756877228,0.548353371667538,0.13028260140601663,1913.0,False,False,False
HOBBIES_1_108_CA_4_validation,1005.0,0.5537190082644629,1.410490184198487,0.5983471074380166,0.08620507512046872,1815.0,False,False,False
HOBBIES_1_108_TX_1_validation,1071.0,0.5598536330371144,1.5943661632134258,0.6199686356508103,0.11253389837188572,1913.0,False,False,False
HOBBIES_1_108_TX_2_validation,1595.0,0.8337689492943021,1.3983795107212251,0.5263983272347099,0.20469786968179393,1913.0,False,False,True
HOBBIES_1_108_TX_3_validation,825.0,0.4312598013591218,1.725870675898812,0.687401986408782,0.059031988901870114,1913.0,False,False,False
HOBBIES_1_108_WI_1_validation,5941.0,3.1055933089388397,0.890724879950915,0.19759539989545216,0.3781466078830248,1913.0,True,False,True
HOBBIES_1_108_WI_2_validation,2232.0,1.1667537898588605,1.1645341427477638,0.4072138003136435,0.21885679056889212,1913.0,False,False,True
HOBBIES_1_108_WI_3_validation,1861.0,1.0253443526170798,1.2110023127476335,0.4462809917355372,0.17285815988004902,1815.0,False,False,False
HOBBIES_1_110_CA_1_validation,361.0,0.18870883429168844,2.5733119500345687,0.8426555148980659,-0.008879478796979859,1913.0,False,True,False
HOBBIES_1_110_CA_2_validation,402.0,0.21014113957135389,2.417679827183152,0.8264506011500261,-0.03037353282380239,1913.0,False,True,False
HOBBIES_1_110_CA_3_validation,497.0,0.25980135912179825,2.2783095452390345,0.7992681651855724,-0.02824742280482423,1913.0,False,True,False
HOBBIES_1_110_CA_4_validation,164.0,0.08732694355697551,3.5033115759148035,0.9195953141640043,0.028022280637026897,1878.0,False,True,False
HOBBIES_1_110_TX_1_validation,135.0,0.0705697856769472,3.9086661069957036,0.9341348667015159,-0.002431325272043549,1913.0,False,True,False
HOBBIES_1_110_TX_2_validation,275.0,0.14588859416445624,3.2320893183231343,0.8864721485411141,-0.0019936092906180218,1885.0,False,True,False
HOBBIES_1_110_TX_3_validation,210.0,0.1097752221641401,3.2605282994779103,0.9017250392054365,-0.02712825596950792,1913.0,False,True,False
HOBBIES_1_110_WI_1_validation,470.0,0.2456874019864088,2.262002177584957,0.803450078410873,0.0383237124355628,1913.0,False,True,False
HOBBIES_1_110_WI_2_validation,149.0,0.07788813382122321,3.7761175907134974,0.9283847360167277,-0.0029883889780699295,1913.0,False,True,False
HOBBIES_1_110_WI_3_validation,283.0,0.14793518034500783,2.888556565120254,0.8761108207004704,0.04339593758511781,1913.0,False,True,False
HOBBIES_1_111_CA_1_validation,955.0,0.4992158912702561,2.223710413533693,0.7266074228959749,0.12796784250094775,1913.0,False,False,False
HOBBIES_1_111_CA_2_validation,535.0,0.2817272248551869,2.571656144017023,0.8077935755660874,0.04235647441622226,1899.0,False,True,False
HOBBIES_1_111_CA_3_validation,776.0,0.41630901287553645,2.080018940693769,0.7322961373390557,0.041132272069464564,1864.0,False,False,False
HOBBIES_1_111_CA_4_validation,992.0,0.5341949380721593,1.8699971945709926,0.6585891222401723,0.040236647937369495,1857.0,False,False,False
HOBBIES_1_111_TX_1_validation,269.0,0.14113326337880377,3.6626634396765017,0.8950682056663168,-0.015391262661330233,1906.0,False,True,False
HOBBIES_1_111_TX_2_validation,825.0,0.4312598013591218,2.0270921602406093,0.7213800313643491,0.052886407262766624,1913.0,False,False,False
HOBBIES_1_111_TX_3_validation,196.0,0.10634834508952794,3.47213011391462,0.9099294628323386,0.056577586230964726,1843.0,False,True,False
HOBBIES_1_111_WI_1_validation,1969.0,1.029273392577104,1.7447763751425176,0.5368531102979613,0.30507414782700004,1913.0,False,False,True
HOBBIES_1_111_WI_2_validation,256.0,0.1338212232096184,3.3214564649964844,0.8975431259801359,0.14130438905154005,1913.0,False,True,False
HOBBIES_1_111_WI_3_validation,830.0,0.43387349712493467,2.0818010548393793,0.7260846837428123,0.1221335134515697,1913.0,False,False,False
HOBBIES_1_117_CA_1_validation,387.0,0.20230005227391532,2.2685909917499973,0.8212232096184005,0.007037619273937027,1913.0,False,True,False
HOBBIES_1_117_CA_2_validation,363.0,0.19474248927038626,2.386230800087211,0.8326180257510729,0.01505863567007206,1864.0,False,True,False
HOBBIES_1_117_CA_3_validation,240.0,0.12545739675901724,3.1250167886578315,0.89022477783586,-0.02322596335567584,1913.0,False,True,False
HOBBIES_1_117_CA_4_validation,263.0,0.1374803972817564,2.6866097345377375,0.8714061683220073,-0.03432224822014591,1913.0,False,True,False
HOBBIES_1_117_TX_1_validation,104.0,0.05456453305351522,4.410416487687834,0.9480587618048268,0.03967974645339651,1906.0,False,True,False
HOBBIES_1_117_TX_2_validation,220.0,0.11500261369576581,3.0204496548413857,0.8933612127548354,-0.0012078343684740205,1913.0,False,True,False
HOBBIES_1_117_TX_3_validation,142.0,0.07450157397691501,3.7842497977227305,0.9307450157397692,-0.016848943321666227,1906.0,False,True,False
HOBBIES_1_117_WI_1_validation,1084.0,0.5666492420282279,1.3577425288197533,0.5744903293256665,-0.006463690775888853,1913.0,False,False,False
HOBBIES_1_117_WI_2_validation,387.0,0.20230005227391532,2.3021427623529918,0.8233141662310507,0.010272370004288484,1913.0,False,True,False
HOBBIES_1_117_WI_3_validation,326.0,0.17041296393099845,2.4688671266422584,0.8468374281233665,0.022462323194489535,1913.0,False,True,False
HOBBIES_1_127_CA_1_validation,1214.0,0.6346053319393623,2.10427920321649,0.7151071615263983,0.009504139917021499,1913.0,False,False,False
HOBBIES_1_127_CA_2_validation,873.0,0.45635128071092523,3.0411256985394086,0.8112911657083115,-0.012451298203935514,1913.0,False,False,False
HOBBIES_1_127_CA_3_validation,756.0,0.3981042654028436,2.615024205354391,0.7972617166929963,0.011537712959184921,1899.0,False,False,False
HOBBIES_1_127_CA_4_validation,698.0,0.36621196222455404,2.607011084157591,0.8111227701993704,0.007093043363405332,1906.0,False,True,False
HOBBIES_1_127_TX_1_validation,469.0,0.2451646628332462,3.47031595512839,0.8849973863042342,0.035065048284281364,1913.0,False,True,False
HOBBIES_1_127_TX_2_validation,965.0,0.506295907660021,2.6005459889276192,0.782791185729276,0.01824327960847496,1906.0,False,False,False
HOBBIES_1_127_TX_3_validation,170.0,0.08886565603763721,5.00933761654634,0.9487715629900679,-0.004371373925464581,1913.0,False,True,False
HOBBIES_1_127_WI_1_validation,2176.0,1.1374803972817564,1.6563267863845428,0.5744903293256665,0.042714431257356085,1913.0,False,False,False
HOBBIES_1_127_WI_2_validation,519.0,0.2713016204913748,2.8737108549987633,0.8410872974385781,0.018782444121968393,1913.0,False,True,False
HOBBIES_1_127_WI_3_validation,532.0,0.2780972294824882,3.0660198343823253,0.851019341348667,0.041895929104618965,1913.0,False,True,False
HOBBIES_1_130_CA_1_validation,2018.0,1.05488761108207,1.3781833972590012,0.4955567171981181,0.06887316929588803,1913.0,False,False,False
HOBBIES_1_130_CA_2_validation,1186.0,0.6199686356508103,1.847618025310463,0.6586513329848406,0.03292607393377817,1913.0,False,False,False
HOBBIES_1_130_CA_3_validation,1300.0,0.6795608991113434,1.8379049899069682,0.6194458964976477,0.014385513347559673,1913.0,False,False,False
HOBBIES_1_130_CA_4_validation,1522.0,0.7956089911134344,1.6429958452897424,0.5943544171458442,0.08288773999663021,1913.0,False,False,False
HOBBIES_1_130_TX_1_validation,237.0,0.12388917929952953,3.310598661211865,0.8964976476738108,0.016565675144288028,1913.0,False,True,False
HOBBIES_1_130_TX_2_validation,741.0,0.3873497124934658,1.9581411808976001,0.7281756403554627,0.02738621184854521,1913.0,False,False,False
HOBBIES_1_130_TX_3_validation,400.0,0.20909566126502874,2.710960027202533,0.847360167276529,0.01745266747942038,1913.0,False,True,False
HOBBIES_1_130_WI_1_validation,2716.0,1.4197595399895453,1.1280115029482873,0.352848928384736,0.08140856499205336,1913.0,True,False,False
HOBBIES_1_130_WI_2_validation,986.0,0.5154208050182959,1.883418405575911,0.6785154208050183,0.05197453498058351,1913.0,False,False,False
HOBBIES_1_130_WI_3_validation,727.0,0.4693350548741123,1.7428824692971812,0.6778566817301485,0.04079221629431201,1549.0,False,False,False
HOBBIES_1_132_CA_1_validation,1955.0,1.021955044432828,1.2849578080194393,0.48614741244119186,0.2839542067496465,1913.0,False,False,True
HOBBIES_1_132_CA_2_validation,1424.0,0.7443805541035023,1.456664016701463,0.5771040250914794,0.16644966511451179,1913.0,False,False,False
HOBBIES_1_132_CA_3_validation,1816.0,0.9492943021432305,1.2550661833106567,0.4924202822791427,0.18568952854223733,1913.0,False,False,False
HOBBIES_1_132_CA_4_validation,998.0,0.5216936748562467,1.5345127857487277,0.6293779404077365,0.10825754970782413,1913.0,False,False,False
HOBBIES_1_132_TX_1_validation,833.0,0.4354417145844224,1.7165955179308727,0.6879247255619446,0.14679162641155255,1913.0,False,False,False
HOBBIES_1_132_TX_2_validation,1161.0,0.6069001568217459,1.5492878846974532,0.6136957658128593,0.15184087274429037,1913.0,False,False,False
HOBBIES_1_132_TX_3_validation,1127.0,0.5891270256142185,1.5109884463956704,0.6157867224255097,0.1729183573293009,1913.0,False,False,False
HOBBIES_1_132_WI_1_validation,1225.0,0.6403554626241506,1.537998512110094,0.6074228959749085,0.21046503820839416,1913.0,False,False,True
HOBBIES_1_132_WI_2_validation,519.0,0.2713016204913748,2.1295124466395703,0.785154208050183,0.0845705512534634,1913.0,False,True,False
HOBBIES_1_132_WI_3_validation,839.0,0.4385781495033978,1.6727217430860104,0.6811291165708312,0.10748201941088663,1913.0,False,False,False
HOBBIES_1_137_CA_1_validation,1136.0,0.5938316779926817,1.5430688340648475,0.6163094615786723,0.23511904137858253,1913.0,False,False,True
HOBBIES_1_137_CA_2_validation,1015.0,0.5305802404600104,1.5229739805591564,0.6262415054887611,0.18038993744798804,1913.0,False,False,False
HOBBIES_1_137_CA_3_validation,1216.0,0.6356508102456874,1.5029385228266126,0.6032409827496079,0.22490463204193262,1913.0,False,False,True
HOBBIES_1_137_CA_4_validation,772.0,0.4035546262415055,1.664263760517891,0.6842655514898066,0.0728513311344694,1913.0,False,False,False
HOBBIES_1_137_TX_1_validation,439.0,0.22948248823836906,2.1794015662232877,0.8039728175640355,0.12359339978123572,1913.0,False,True,False
HOBBIES_1_137_TX_2_validation,532.0,0.2780972294824882,2.2005526196509306,0.7856769472033456,0.17857777299560562,1913.0,False,True,False
HOBBIES_1_137_TX_3_validation,627.0,0.3277574490329326,2.031291887899673,0.7579717720857292,0.14944566866609585,1913.0,False,True,False
HOBBIES_1_137_WI_1_validation,750.0,0.3920543648719289,1.8110860895614214,0.7130162049137481,0.16806279548959682,1913.0,False,False,False
HOBBIES_1_137_WI_2_validation,306.0,0.16054564533053514,2.740895216126675,0.8651626442812173,0.08383373541013839,1906.0,False,True,False
HOBBIES_1_137_WI_3_validation,412.0,0.21536853110297963,2.779739435640699,0.8337689492943021,0.11558447436370586,1913.0,False,True,False
HOBBIES_1_141_CA_1_validation,1921.0,1.0041819132253005,1.3762808162875828,0.5352848928384736,0.39884527582715845,1913.0,False,False,True
HOBBIES_1_141_CA_2_validation,1412.0,0.7381076842655515,1.5038509553083022,0.5959226346053319,0.3697220624309411,1913.0,False,False,True
HOBBIES_1_141_CA_3_validation,2256.0,1.1792995295347621,1.289194703820027,0.4997386304234187,0.42190044234665985,1913.0,False,False,True
HOBBIES_1_141_CA_4_validation,1132.0,0.5917407213800313,1.5421141497149355,0.6278097229482488,0.3055469487759368,1913.0,False,False,True
HOBBIES_1_141_TX_1_validation,1433.0,0.7490852064819655,1.4473733428070046,0.5802404600104548,0.31033976709204364,1913.0,False,False,True
HOBBIES_1_141_TX_2_validation,2038.0,1.0653423941453215,1.2780995661947256,0.5096706743335075,0.4311626086771051,1913.0,False,False,True
HOBBIES_1_141_TX_3_validation,1196.0,0.6251960271824359,1.5640818793675264,0.6283324621014114,0.348701947822482,1913.0,False,False,True
HOBBIES_1_141_WI_1_validation,1272.0,0.6649242028227914,1.5079434509313545,0.6110820700470465,0.34484403998027785,1913.0,False,False,True
HOBBIES_1_141_WI_2_validation,785.0,0.41035023523261893,1.7631582932575125,0.7025614218504966,0.25689068587393776,1913.0,False,False,True
HOBBIES_1_141_WI_3_validation,1138.0,0.5948771562990068,1.5189181105259306,0.6241505488761108,0.3458921791878294,1913.0,False,False,True
HOBBIES_1_143_CA_1_validation,790.0,0.41296393099843176,1.8398438449435681,0.7036069001568217,0.09164933407499166,1913.0,False,False,False
HOBBIES_1_143_CA_2_validation,686.0,0.35859905906952433,1.8982964148655992,0.7339257710402509,0.08878757073819507,1913.0,False,False,False
HOBBIES_1_143_CA_3_validation,944.0,0.49346576058546787,1.6320721301476022,0.6518557239937272,0.08076617188395119,1913.0,False,False,False
HOBBIES_1_143_CA_4_validation,574.0,0.30005227391531625,1.948819541897321,0.7501306847882906,0.09715866375454255,1913.0,False,True,False
HOBBIES_1_143_TX_1_validation,547.0,0.2859383167799268,2.033755667190101,0.7699947726084684,0.08408408527356623,1913.0,False,True,False
HOBBIES_1_143_TX_2_validation,1389.0,0.7260846837428123,1.3860343217113327,0.5441714584422374,0.18723385394383527,1913.0,False,False,False
HOBBIES_1_143_TX_3_validation,1493.0,0.7804495556717198,1.347868043034012,0.5389440669106116,0.23528323323544983,1913.0,False,False,True
HOBBIES_1_143_WI_1_validation,624.0,0.32618923157344487,1.8844851280195258,0.7386304234187141,0.04255760605184782,1913.0,False,True,False
HOBBIES_1_143_WI_2_validation,510.0,0.26659696811291167,2.118743683560222,0.7872451646628332,0.07986206896551726,1913.0,False,True,False
HOBBIES_1_143_WI_3_validation,552.0,0.2885520125457397,2.1306728470460956,0.7841087297438578,0.1489585113129564,1913.0,False,True,False
